387903,1776515315,H,7201,9401_N,9401_5,9401_50,9401_95,9402_N,9402_5,9402_50,9402_95,9403_N,9403_5,9403_50,9403_95,9404_N,9404_5,9404_50,9404_95,9405_N,9405_5,9405_50,9405_95,9406_N,9406_5,9406_50,9406_95,9407_N,9407_5,9407_50,9407_95,9408_N,9408_5,9408_50,9408_95,9409_N,9409_5,9409_50,9409_95,9410_N,9410_5,9410_50,9410_95,9411_N,9411_5,9411_50,9411_95,9412_N,9412_5,9412_50,9412_95,9413_N,9413_5,9413_50,9413_95,9414_N,9414_5,9414_50,9414_95,9415_N,9415_5,9415_50,9415_95,9416_N,9416_5,9416_50,9416_95,9417_N,9417_5,9417_50,9417_95,9418_N,9418_5,9418_50,9418_95,9419_N,9419_5,9419_50,9419_95,16000_N,16000_5,16000_50,16000_95,16001_N,16001_5,16001_50,16001_95,16002_N,16002_5,16002_50,16002_95,16003_N,16003_5,16003_50,16003_95,16004_N,16004_5,16004_50,16004_95,16005_N,16005_5,16005_50,16005_95,16006_N,16006_5,16006_50,16006_95,16007_N,16007_5,16007_50,16007_95,16008_N,16008_5,16008_50,16008_95,16009_N,16009_5,16009_50,16009_95,16010_N,16010_5,16010_50,16010_95,16011_N,16011_5,16011_50,16011_95,16012_N,16012_5,16012_50,16012_95,16013_N,16013_5,16013_50,16013_95,16014_N,16014_5,16014_50,16014_95,16015_N,16015_5,16015_50,16015_95,16016_N,16016_5,16016_50,16016_95,16017_N,16017_5,16017_50,16017_95,16018_N,16018_5,16018_50,16018_95,9420_N,9420_5,9420_50,9420_95,9421_N,9421_5,9421_50,9421_95,9422_N,9422_5,9422_50,9422_95,9423_N,9423_5,9423_50,9423_95,54748
387904,1776515315,M,7205,0,0,0,0,0,2,1,0,1,0,0,1,0,0,0,0,5,62690
387905,1776515349,E,6000,68,1540,1695,-1,5,51519
387906,1776515350,E,6028,68,-1,21472
387907,1776515613,E,6000,68,1540,1755,-1,5,56985
387908,1776515614,E,6028,68,-1,61794
387909,1776515615,M,7201,1200,7,8,9,1200,8,8,8,1200,8,9,11,1200,6,7,8,1200,-42,-26,-16,1200,0,10,2001,1200,37,109,179,1200,18,24,31,1200,24,30,52,1200,99,99,100,0,NA,NA,NA,0,NA,NA,NA,1200,101,101,101,1200,101,101,101,1200,101,101,101,1200,97,97,97,1200,100,100,100,1200,100,100,100,1200,0,0,0,1200,99417,99561,99605,1200,3379,3397,3416,1200,5999,8926,14549,1200,208,208,208,0,NA,NA,NA,0,NA,NA,NA,1200,17253,18569,21855,1200,955,1054,1315,1200,805,2480,4910,1200,-3730,-689,2665,1200,80,264,586,1200,0,1,4,0,NA,NA,NA,0,NA,NA,NA,0,NA,NA,NA,0,NA,NA,NA,1200,3094,3094,3094,1200,3031,3032,3032,1200,3039,3039,3040,1200,4,17,45,1200,-6,11,52,0,NA,NA,NA,1200,8,8,8,17629
387910,1776515615,M,7205,0,0,0,0,0,2,1,0,1,0,0,1,0,0,0,0,5,13509
387911,1776515915,M,7201,1200,7,8,9,1200,8,8,8,1200,8,9,11,1200,7,7,8,1200,-43,-23,-16,1200,0,10,2001,1200,33,71,198,1200,18,23,33,1200,24,31,50,1200,97,98,99,0,NA,NA,NA,0,NA,NA,NA,1200,101,101,101,1200,101,101,101,1200,101,101,101,1200,97,97,97,1200,100,100,100,1200,100,100,100,1200,0,0,0,1200,99417,99561,99605,1200,3379,3397,3416,1200,6047,8439,14833,1200,208,208,208,0,NA,NA,NA,0,NA,NA,NA,1200,17255,18739,21485,1200,948,1070,1296,1200,845,2622,4649,1200,-3089,-347,2166,1200,87,282,563,1200,0,2,4,0,NA,NA,NA,0,NA,NA,NA,0,NA,NA,NA,0,NA,NA,NA,1200,3094,3094,3094,1200,3031,3031,3031,1200,3039,3039,3040,1200,4,15,45,1200,-8,14,52,0,NA,NA,NA,1200,8,8,8,30837
387912,1776515915,M,7205,0,0,0,0,0,2,1,0,1,0,0,1,0,0,0,0,5,53599
387913,1776515965,E,6000,68,1540,1711,-1,5,04360
387914,1776515967,E,6028,68,-1,14443
387915,1776516215,M,7201,1200,7,8,9,1200,8,8,8,1200,8,9,10,1200,7,7,8,1200,-23,-18,-15,1200,0,91,518,1200,27,44,116,1200,18,27,33,1200,25,31,43,1200,97,99,100,0,NA,NA,NA,0,NA,NA,NA,1200,101,101,101,1200,101,101,101,1200,101,101,101,1200,97,97,97,1200,100,100,100,1200,100,100,100,1200,0,0,0,1200,99417,99561,99605,1200,3379,3397,3416,1200,6439,7968,10926,1200,208,208,208,0,NA,NA,NA,0,NA,NA,NA,1200,17388,18658,20944,1200,959,1062,1259,1200,1131,2595,4188,1200,-2069,-136,1649,1200,109,278,495,1200,0,2,3,0,NA,NA,NA,0,NA,NA,NA,0,NA,NA,NA,0,NA,NA,NA,1200,3094,3094,3094,1200,3031,3031,3031,1200,3039,3039,3040,1200,4,14,28,1200,2,18,31,0,NA,NA,NA,1200,8,8,8,45155
387916,1776516215,M,7205,0,0,0,0,0,2,1,0,1,0,0,1,0,0,0,0,5,50225
387917,1776516255,M,7204,1,1,1,1,0,0,1,0,0,0,0,3094,0,0,3031,0,0,3040,16212,4057,4048,4048,4059,1,36502
387918,1776516515,M,7201,1200,7,8,9,1200,8,8,8,1200,8,9,9,1200,6,7,8,1200,-50,-21,-14,1200,0,26,580,1200,9,37,64,1200,17,26,34,1200,21,34,46,1200,100,100,100,0,NA,NA,NA,0,NA,NA,NA,1200,101,101,101,1200,101,101,101,1200,101,101,101,1200,97,97,97,1200,100,100,100,1200,100,100,100,1200,0,0,0,1200,99417,99561,99649,1200,3397,3416,3435,1200,5820,9218,12348,1200,208,208,208,0,NA,NA,NA,0,NA,NA,NA,1200,17331,19270,20654,1200,958,1116,1235,1200,1046,2969,4062,1200,-2070,-155,1452,1200,106,326,470,1200,0,1,2,0,NA,NA,NA,0,NA,NA,NA,0,NA,NA,NA,0,NA,NA,NA,1200,3094,3094,3094,1200,3031,3031,3031,1200,3039,3039,3040,1200,3,12,30,1200,-3,13,42,0,NA,NA,NA,1200,8,8,8,40500
387919,1776516515,M,7205,0,0,0,0,0,2,1,0,1,0,0,1,0,0,0,0,5,36464
387920,1776516531,E,6000,68,1540,1656,-1,5,17953
387921,1776516533,E,6028,68,-1,19912
387922,1776516779,E,6000,68,1540,1575,-1,5,11739
387923,1776516783,E,6028,68,-1,56615
387924,1776516815,M,7201,1200,7,8,9,1200,8,8,8,1200,8,9,11,1200,6,7,8,1200,-36,-26,-18,1200,0,85,1461,1200,19,72,142,1200,16,20,31,1200,27,34,54,1200,98,98,100,0,NA,NA,NA,0,NA,NA,NA,1200,101,101,101,1200,101,101,101,1200,101,101,101,1200,97,97,97,1200,100,100,100,1200,100,100,100,1200,0,0,0,1200,99417,99561,99649,1200,3397,3416,3435,1200,7438,9006,15155,1200,208,208,208,0,NA,NA,NA,0,NA,NA,NA,1200,17830,19149,22297,1200,1005,1107,1375,1200,1501,2860,5105,1200,-2952,-369,2455,1200,151,310,623,1200,0,2,5,0,NA,NA,NA,0,NA,NA,NA,0,NA,NA,NA,0,NA,NA,NA,1200,3094,3094,3094,1200,3031,3031,3031,1200,3039,3039,3040,1200,3,11,41,1200,-8,16,51,0,NA,NA,NA,1200,8,8,8,65325
387925,1776516815,M,7205,0,0,0,0,0,2,1,0,1,0,0,1,0,0,0,0,5,26207
387926,1776516825,E,6000,68,1540,1589,-1,5,18742
387927,1776516827,E,6028,68,-1,29441
387928,1776517115,M,7201,1200,7,8,9,1200,8,8,8,1200,8,9,10,1200,6,7,8,1200,-38,-23,-16,1200,0,62,1442,1200,22,67,128,1200,17,23,32,1200,27,35,54,1200,98,99,100,0,NA,NA,NA,0,NA,NA,NA,1200,101,101,101,1200,101,101,101,1200,101,101,101,1200,97,97,97,1200,100,100,100,1200,100,100,100,1200,0,0,0,1200,99417,99561,99649,1200,3397,3416,3435,1200,7488,9532,14558,1200,208,208,208,0,NA,NA,NA,0,NA,NA,NA,1200,17914,19163,22369,1200,1010,1108,1375,1200,1554,2956,5142,1200,-2729,-509,2490,1200,156,323,630,1200,0,2,4,0,NA,NA,NA,0,NA,NA,NA,0,NA,NA,NA,0,NA,NA,NA,1200,3094,3094,3094,1200,3031,3031,3032,1200,3039,3040,3040,1200,4,17,37,1200,-3,19,47,0,NA,NA,NA,1200,8,8,8,39135
387929,1776517115,M,7205,0,0,0,0,0,2,1,0,1,0,0,1,0,0,0,0,5,10553
387930,1776517415,M,7201,1200,7,8,9,1200,8,8,8,1200,8,9,10,1200,7,7,8,1200,-42,-23,-15,1200,0,25,831,1200,19,42,60,1200,17,23,30,1200,35,39,51,1200,99,99,100,0,NA,NA,NA,0,NA,NA,NA,1200,101,101,101,1200,101,101,101,1200,101,101,101,1200,97,97,97,1200,100,100,100,1200,100,100,100,1200,0,0,0,1200,99373,99517,99605,1200,3379,3397,3416,1200,9014,10130,13174,1200,208,208,208,0,NA,NA,NA,0,NA,NA,NA,1200,18575,19623,21692,1200,1072,1149,1324,1200,1947,3287,4679,1200,-2256,-356,1565,1200,201,368,559,1200,0,1,3,0,NA,NA,NA,0,NA,NA,NA,0,NA,NA,NA,0,NA,NA,NA,1200,3094,3094,3094,1200,3031,3031,3032,1200,3039,3039,3040,1200,4,13,33,1200,-11,15,38,0,NA,NA,NA,1200,8,8,8,04993
387931,1776517415,M,7205,0,0,0,0,0,2,1,0,1,0,0,1,0,0,0,0,5,07036
387932,1776517715,M,7201,1200,7,8,9,1200,8,8,8,1200,8,9,10,1200,7,7,8,1200,-38,-21,-14,1200,0,6,576,1200,24,38,56,1200,18,24,30,1200,35,38,52,1200,99,99,100,0,NA,NA,NA,0,NA,NA,NA,1200,101,101,101,1200,101,101,101,1200,101,101,101,1200,97,97,97,1200,100,100,100,1200,100,100,100,1200,0,0,0,1200,99373,99517,99605,1200,3379,3397,3416,1200,9091,10104,13028,1200,208,208,208,0,NA,NA,NA,0,NA,NA,NA,1200,18617,19653,21480,1200,1078,1156,1303,1200,2018,3310,4557,1200,-2120,-290,1376,1200,207,369,538,1200,0,1,2,0,NA,NA,NA,0,NA,NA,NA,0,NA,NA,NA,0,NA,NA,NA,1200,3094,3094,3094,1200,3031,3031,3031,1200,3039,3039,3039,1200,4,12,30,1200,-4,12,34,0,NA,NA,NA,1200,8,8,8,11649
387933,1776517715,M,7205,0,0,0,0,0,2,1,0,1,0,0,1,0,0,0,0,5,24535
387934,1776517766,E,6022,11662,0,0,0,-1662,1200,18857
387935,1776517859,E,6001,51717
387936,1776517866,E,6000,68,1540,4046,-1,5,58779
387937,1776517866,E,6000,67,4,-1,-1,0,06406
387938,1776517876,E,6000,65,1,0,-1,0,52132
387939,1776517891,E,6028,67,-1,13956
387940,1776517893,E,6028,65,-1,51744
387941,1776517897,E,6028,68,-1,56457
387942,1776517919,E,6026,51479
387943,1776518015,M,7201,1200,-11,8,9,1200,-1,8,8,1200,0,9,10,1200,-1,7,8,1200,-37,-19,45,1200,0,2,432,1200,0,34,232,1200,17,27,36,1011,34,38,48,1200,96,99,100,0,NA,NA,NA,0,NA,NA,NA,1200,101,101,101,1200,101,101,101,1200,101,101,101,1200,97,97,97,1200,100,100,100,1200,100,100,100,1200,0,0,0,1200,99373,99517,99605,1200,3379,3397,3435,1200,8854,9978,40460,1200,207,207,208,0,NA,NA,NA,0,NA,NA,NA,1200,18459,19640,43327,1200,1046,1152,2599,1200,2012,3311,19180,1200,-2352,-129,31339,1200,206,372,3518,1200,0,1,28,0,NA,NA,NA,0,NA,NA,NA,0,NA,NA,NA,0,NA,NA,NA,1200,3094,3094,3094,1200,3031,3031,3031,1200,3039,3039,3039,1200,3,12,301,1200,-150,8,33,0,NA,NA,NA,1200,8,8,8,06862
387944,1776518015,M,7205,0,0,0,0,0,2,1,0,1,0,0,1,0,0,0,0,5,12352
387945,1776518315,M,7201,1200,7,8,9,1200,8,8,8,1200,8,9,10,1200,7,7,8,1200,-39,-21,-16,1200,0,57,548,1200,16,39,49,1200,17,23,31,1200,35,38,48,1200,95,96,100,0,NA,NA,NA,0,NA,NA,NA,1200,101,101,101,1200,101,101,101,1200,101,101,101,1200,97,97,97,1200,100,100,100,1200,100,100,100,1200,0,0,0,1200,99373,99461,99605,1200,3379,3397,3435,1200,8926,9820,12832,1200,207,207,207,0,NA,NA,NA,0,NA,NA,NA,1200,18532,19540,21435,1200,1069,1143,1307,1200,2015,3238,4513,1200,-2021,-201,1393,1200,209,359,534,1200,0,2,3,0,NA,NA,NA,0,NA,NA,NA,0,NA,NA,NA,0,NA,NA,NA,1200,3094,3094,3094,1200,3031,3031,3031,1200,3039,3039,3039,1200,5,12,22,1200,-8,17,34,0,NA,NA,NA,1200,8,8,8,59969
387946,1776518315,M,7205,0,0,0,0,0,2,1,0,1,0,0,1,0,0,0,0,5,29931
387947,1776518405,E,6000,68,1540,1702,-1,5,55933
387948,1776518406,E,6028,68,-1,37178
387949,1776518615,M,7201,1200,7,8,9,1200,8,8,8,1200,8,9,10,1200,7,7,8,1200,-42,-24,-13,1200,0,4,579,1200,25,40,139,1200,19,26,38,1200,27,37,48,1200,98,98,100,0,NA,NA,NA,0,NA,NA,NA,1200,101,101,101,1200,101,101,101,1200,101,101,101,1200,97,97,97,1200,100,100,100,1200,100,100,100,1200,0,0,0,1200,99373,99517,99605,1200,3379,3397,3416,1200,6811,9747,12816,1200,207,207,207,0,NA,NA,NA,0,NA,NA,NA,1200,17855,19455,21184,1200,998,1135,1284,1200,1583,3135,4396,1200,-2511,-288,1347,1200,158,345,520,1200,0,1,3,0,NA,NA,NA,0,NA,NA,NA,0,NA,NA,NA,0,NA,NA,NA,1200,3094,3094,3094,1200,3031,3031,3031,1200,3039,3039,3039,1200,4,11,24,1200,-4,14,35,0,NA,NA,NA,1200,8,8,8,35084
387950,1776518615,M,7205,0,0,0,0,0,2,1,0,1,0,0,1,0,0,0,0,5,39971
387951,1776518915,M,7201,1200,7,8,9,1200,8,8,8,1200,8,9,10,1200,7,7,8,1200,-42,-23,-13,1200,0,13,606,1200,7,38,55,1200,16,24,30,1200,36,39,50,1200,98,100,100,0,NA,NA,NA,0,NA,NA,NA,1200,101,101,101,1200,101,101,101,1200,101,101,101,1200,97,97,97,1200,100,100,100,1200,100,100,100,1200,0,0,0,1200,99373,99517,99561,1200,3360,3379,3397,1200,9219,10336,13208,1200,207,207,207,0,NA,NA,NA,0,NA,NA,NA,1200,18701,19792,21542,1200,1082,1169,1310,1200,2021,3400,4615,1200,-2171,-250,1366,1200,207,381,550,1200,0,1,2,0,NA,NA,NA,0,NA,NA,NA,0,NA,NA,NA,0,NA,NA,NA,1200,3093,3094,3094,1200,3030,3031,3031,1200,3038,3039,3039,1200,4,10,23,1200,-8,15,36,0,NA,NA,NA,1200,8,8,8,53079
387952,1776518915,M,7205,0,0,0,0,0,2,1,0,1,0,0,1,0,0,0,0,5,31161
387953,1776519215,M,7201,1200,7,8,9,1200,8,8,8,1200,8,9,9,1200,7,8,8,1200,-32,-19,-14,1200,0,41,381,1200,15,30,41,1200,19,26,32,1200,34,37,44,1200,100,100,100,0,NA,NA,NA,0,NA,NA,NA,1200,101,101,101,1200,101,101,101,1200,101,101,101,1200,97,97,97,1200,100,100,100,1200,100,100,100,1200,0,0,0,1200,99329,99517,99561,1200,3360,3379,3397,1200,8835,9573,11647,1200,207,207,207,0,NA,NA,NA,0,NA,NA,NA,1200,18499,19457,21123,1200,1068,1137,1283,1200,2000,3187,4340,1200,-1632,-96,1214,1200,209,354,506,1200,0,1,2,0,NA,NA,NA,0,NA,NA,NA,0,NA,NA,NA,0,NA,NA,NA,1200,3093,3093,3093,1200,3030,3031,3031,1200,3038,3039,3039,1200,4,11,20,1200,-1,16,30,0,NA,NA,NA,1200,8,8,8,56046
387954,1776519215,M,7205,0,0,0,0,0,2,1,0,1,0,0,1,0,0,0,0,5,01515
387955,1776519515,M,7201,1200,7,8,9,1200,8,8,8,1200,8,9,9,1200,7,8,8,1200,-24,-19,-15,1200,0,51,263,1200,15,26,43,1200,22,26,32,1200,33,36,42,1200,100,100,100,0,NA,NA,NA,0,NA,NA,NA,1200,101,101,101,1200,101,101,101,1200,101,101,101,1200,97,97,97,1200,100,100,100,1200,100,100,100,1200,0,0,0,1200,99329,99473,99561,1200,3360,3379,3397,1200,8572,9210,10909,1200,207,207,207,0,NA,NA,NA,0,NA,NA,NA,1200,18382,19325,20767,1200,1056,1125,1249,1200,1878,3077,4075,1200,-1584,-79,1090,1200,190,340,473,1200,0,1,2,0,NA,NA,NA,0,NA,NA,NA,0,NA,NA,NA,0,NA,NA,NA,1200,3093,3093,3093,1200,3030,3030,3031,1200,3038,3038,3039,1200,3,11,18,1200,-2,16,29,0,NA,NA,NA,1200,8,8,8,43897
387956,1776519515,M,7205,0,0,0,0,0,2,1,0,1,0,0,1,0,0,0,0,5,08623
387957,1776519815,M,7201,1200,8,8,9,1200,8,8,8,1200,8,9,10,1200,7,8,8,1200,-23,-18,-14,1200,0,88,296,1200,18,27,40,1200,20,26,33,1200,33,35,40,1200,100,100,100,0,NA,NA,NA,0,NA,NA,NA,1200,101,101,101,1200,101,101,101,1200,101,101,101,1200,97,97,97,1200,100,100,100,1200,100,100,100,1200,0,0,0,1200,99329,99473,99517,1200,3360,3360,3379,1200,8371,8997,10226,1200,207,207,207,0,NA,NA,NA,0,NA,NA,NA,1200,18286,19195,20731,1200,1045,1112,1249,1200,1801,2997,4051,1200,-1441,-52,1111,1200,185,329,469,1200,0,1,2,0,NA,NA,NA,0,NA,NA,NA,0,NA,NA,NA,0,NA,NA,NA,1200,3092,3092,3093,1200,3030,3030,3030,1200,3038,3038,3039,1200,3,12,18,1200,2,17,28,0,NA,NA,NA,1200,8,8,8,32123
387958,1776519815,M,7205,0,0,0,0,0,2,1,0,1,0,0,1,0,0,0,0,5,36400
387959,1776519856,M,7204,1,1,1,1,0,1,1,0,0,0,0,3092,0,0,3030,0,0,3039,16208,4056,4047,4047,4058,1,18894
387960,1776520115,M,7201,1200,7,8,9,1200,8,8,8,1200,8,9,9,1200,7,7,8,1200,-33,-18,-14,1200,0,143,395,1200,23,37,55,1200,16,26,32,1200,27,32,40,1200,99,99,100,0,NA,NA,NA,0,NA,NA,NA,1200,101,101,101,1200,101,101,101,1200,101,101,101,1200,97,97,97,1200,100,100,100,1200,100,100,100,1200,0,0,0,1200,99329,99473,99561,1200,3360,3379,3397,1200,6865,8236,11022,1200,207,207,207,0,NA,NA,NA,0,NA,NA,NA,1200,17548,18918,20733,1200,977,1086,1241,1200,1296,2725,4046,1200,-1770,-117,1314,1200,120,296,470,1200,0,1,3,0,NA,NA,NA,0,NA,NA,NA,0,NA,NA,NA,0,NA,NA,NA,1200,3092,3092,3092,1200,3030,3030,3030,1200,3038,3039,3039,1200,4,14,22,1200,2,19,30,0,NA,NA,NA,1200,8,8,8,30821
387961,1776520115,M,7205,0,0,0,0,0,2,1,0,1,0,0,1,0,0,0,0,5,13018
387962,1776520415,M,7201,1200,7,8,9,1200,8,8,8,1200,8,9,10,1200,7,7,8,1200,-30,-19,-15,1200,0,40,473,1200,21,31,106,1200,18,26,32,1200,26,35,43,1200,98,99,100,0,NA,NA,NA,0,NA,NA,NA,1200,101,101,101,1200,101,101,101,1200,101,101,101,1200,97,97,97,1200,100,100,100,1200,100,100,100,1200,0,0,0,1200,99329,99473,99561,1200,3360,3379,3397,1200,6771,9165,12446,1200,207,207,207,0,NA,NA,NA,0,NA,NA,NA,1200,17735,19162,21009,1200,991,1107,1267,1200,1554,2923,4228,1200,-2003,-156,1393,1200,154,317,491,1200,0,1,3,0,NA,NA,NA,0,NA,NA,NA,0,NA,NA,NA,0,NA,NA,NA,1200,3092,3092,3092,1200,3030,3030,3030,1200,3038,3038,3038,1200,3,13,26,1200,-3,15,30,0,NA,NA,NA,1200,8,8,8,18890
387963,1776520415,M,7205,0,0,0,0,0,2,1,0,1,0,0,1,0,0,0,0,5,44793
387964,1776520715,M,7201,1200,7,8,9,1200,8,8,8,1200,8,9,10,1200,7,7,8,1200,-29,-18,-14,1200,0,55,424,1200,18,32,66,1200,19,26,33,1200,27,35,45,1200,98,100,100,0,NA,NA,NA,0,NA,NA,NA,1200,101,101,101,1200,101,101,101,1200,101,101,101,1200,97,97,97,1200,100,100,100,1200,100,100,100,1200,0,0,0,1200,99329,99473,99517,1200,3360,3379,3397,1200,6830,9183,11992,1200,207,207,207,0,NA,NA,NA,0,NA,NA,NA,1200,17752,19288,20988,1200,992,1120,1265,1200,1524,3012,4238,1200,-1834,-151,1332,1200,152,332,492,1200,0,1,2,0,NA,NA,NA,0,NA,NA,NA,0,NA,NA,NA,0,NA,NA,NA,1200,3092,3092,3092,1200,3030,3030,3030,1200,3038,3038,3038,1200,4,12,21,1200,-3,17,33,0,NA,NA,NA,1200,8,8,8,28004
387965,1776520715,M,7205,0,0,0,0,0,2,1,0,1,0,0,1,0,0,0,0,5,48012
387966,1776521015,M,7201,1200,7,8,9,1200,8,8,8,1200,8,9,10,1200,7,7,8,1200,-34,-21,-15,1200,0,90,614,1200,25,38,103,1200,18,25,32,1200,27,32,42,1200,99,100,100,0,NA,NA,NA,0,NA,NA,NA,1200,101,101,101,1200,101,101,101,1200,101,101,101,1200,97,97,97,1200,100,100,100,1200,100,100,100,1200,0,0,0,1200,99329,99473,99517,1200,3360,3379,3397,1200,6825,8304,11581,1200,207,207,207,0,NA,NA,NA,0,NA,NA,NA,1200,17619,18860,20779,1200,982,1078,1242,1200,1319,2688,4114,1200,-2030,-178,1393,1200,134,289,477,1200,0,2,3,0,NA,NA,NA,0,NA,NA,NA,0,NA,NA,NA,0,NA,NA,NA,1200,3092,3092,3092,1200,3030,3030,3030,1200,3038,3038,3038,1200,5,14,28,1200,-1,17,35,0,NA,NA,NA,1200,8,8,8,53734
387967,1776521015,M,7205,0,0,0,0,0,2,1,0,1,0,0,1,0,0,0,0,5,14129
387968,1776521315,M,7201,1200,7,8,9,1200,8,8,8,1200,8,9,10,1200,7,7,8,1200,-33,-18,-13,1200,0,103,519,1200,21,36,54,1200,19,27,32,1200,28,34,42,1200,99,99,100,0,NA,NA,NA,0,NA,NA,NA,1200,101,101,101,1200,101,101,101,1200,101,101,101,1200,97,97,97,1200,100,100,100,1200,100,100,100,1200,0,0,0,1200,99185,99373,99517,1200,3360,3379,3397,1200,7260,8770,11510,1200,207,207,207,0,NA,NA,NA,0,NA,NA,NA,1200,17933,19042,20913,1200,1011,1094,1253,1200,1521,2856,4164,1200,-1831,-133,1351,1200,154,311,482,1200,0,2,2,0,NA,NA,NA,0,NA,NA,NA,0,NA,NA,NA,0,NA,NA,NA,1200,3092,3092,3092,1200,3030,3030,3030,1200,3038,3038,3038,1200,5,13,24,1200,-1,18,31,0,NA,NA,NA,1200,8,8,8,00749
387969,1776521315,M,7205,0,0,0,0,0,2,1,0,1,0,0,1,0,0,0,0,5,33272
387970,1776521366,E,6022,11663,0,0,0,-1663,1200,62405
387971,1776521615,M,7201,1200,7,8,9,1200,8,8,8,1200,8,9,10,1200,7,7,8,1200,-31,-19,-14,1200,0,86,463,1200,21,36,112,1200,20,26,34,1200,26,33,39,1200,98,99,100,0,NA,NA,NA,0,NA,NA,NA,1200,101,101,101,1200,101,101,101,1200,101,101,101,1200,97,97,97,1200,100,100,100,1200,100,100,100,1200,0,0,0,1200,99085,99229,99417,1200,3360,3379,3397,1200,6617,8500,12030,1200,207,207,207,0,NA,NA,NA,0,NA,NA,NA,1200,17567,18944,20666,1200,973,1083,1231,1200,1215,2741,4031,1200,-2071,-150,1354,1200,118,297,466,1200,0,1,3,0,NA,NA,NA,0,NA,NA,NA,0,NA,NA,NA,0,NA,NA,NA,1200,3092,3092,3092,1200,3029,3029,3030,1200,3038,3038,3038,1200,4,12,25,1200,-3,18,33,0,NA,NA,NA,1200,8,8,8,38325
387972,1776521615,M,7205,0,0,0,0,0,2,1,0,1,0,0,1,0,0,0,0,5,01845
387973,1776521915,M,7201,1200,7,8,9,1200,8,8,8,1200,8,9,9,1200,7,7,8,1200,-22,-18,-13,1200,0,108,376,1200,21,34,52,1200,21,28,36,1200,29,34,40,1200,98,99,100,0,NA,NA,NA,0,NA,NA,NA,1200,101,101,101,1200,101,101,101,1200,101,101,101,1200,97,97,97,1200,100,100,100,1200,100,100,100,1200,0,0,0,1200,99185,99373,99517,1200,3360,3379,3397,1200,7206,8578,10403,1200,207,207,207,0,NA,NA,NA,0,NA,NA,NA,1200,17978,19009,20771,1200,1014,1091,1248,1200,1582,2814,4053,1200,-1591,-75,1278,1200,161,306,470,1200,0,1,2,0,NA,NA,NA,0,NA,NA,NA,0,NA,NA,NA,0,NA,NA,NA,1200,3091,3091,3092,1200,3029,3029,3030,1200,3038,3038,3038,1200,4,13,22,1200,1,18,28,0,NA,NA,NA,1200,8,8,8,13172
387974,1776521915,M,7205,0,0,0,0,0,2,1,0,1,0,0,1,0,0,0,0,5,45937
387975,1776522091,E,6000,68,1540,1573,-1,5,48992
387976,1776522093,E,6028,68,-1,63571
387977,1776522215,M,7201,1200,7,8,9,1200,8,8,8,1200,8,9,10,1200,6,7,8,1200,-39,-24,-17,1200,0,89,1738,1200,20,57,134,1200,15,23,32,1200,23,28,47,1200,99,100,100,0,NA,NA,NA,0,NA,NA,NA,1200,101,101,101,1200,101,101,101,1200,101,101,101,1200,97,97,97,1200,100,100,100,1200,100,100,100,1200,0,0,0,1200,99273,99417,99561,1200,3360,3379,3397,1200,5735,7202,12346,1200,207,207,207,0,NA,NA,NA,0,NA,NA,NA,1200,17137,18208,21568,1200,941,1024,1301,1200,820,2241,4668,1200,-2652,-258,2518,1200,78,236,563,1200,0,2,5,0,NA,NA,NA,0,NA,NA,NA,0,NA,NA,NA,0,NA,NA,NA,1200,3091,3091,3092,1200,3029,3030,3030,1200,3038,3039,3039,1200,3,14,46,1200,-6,18,45,0,NA,NA,NA,1200,8,8,8,52845
387978,1776522215,M,7205,0,0,0,0,0,2,1,0,1,0,0,1,0,0,0,0,5,01443
387979,1776522240,E,6000,68,1540,1554,-1,5,47484
387980,1776522242,E,6028,68,-1,22079
387981,1776522278,E,6000,68,1540,1597,-1,5,14045
387982,1776522279,E,6028,68,-1,13041
387983,1776522340,E,6000,68,1540,1563,-1,5,49572
387984,1776522342,E,6028,68,-1,55067
387985,1776522365,E,6000,68,1540,1638,-1,5,40383
387986,1776522366,E,6028,68,-1,17443
387987,1776522386,E,6000,68,1540,1596,-1,5,06731
387988,1776522388,E,6028,68,-1,36539
387989,1776522507,E,6000,68,1540,1563,-1,5,46840
387990,1776522509,E,6028,68,-1,30021
387991,1776522515,M,7201,1200,7,8,9,1200,8,8,8,1200,8,9,10,1200,5,7,8,1200,-46,-31,-24,1200,0,0,2001,1200,31,92,195,1200,12,16,22,1200,19,28,55,1200,93,95,99,0,NA,NA,NA,0,NA,NA,NA,1200,101,101,101,1200,101,101,101,1200,101,101,101,1200,97,97,97,1200,100,100,100,1200,100,100,100,1200,0,0,0,1200,99373,99517,99561,1200,3379,3397,3416,1200,5866,7378,15632,1200,207,207,207,0,NA,NA,NA,0,NA,NA,NA,1200,16953,18180,22891,1200,922,1021,1417,1200,439,2215,5426,1200,-4106,-403,3172,1200,49,234,673,1200,0,2,5,0,NA,NA,NA,0,NA,NA,NA,0,NA,NA,NA,0,NA,NA,NA,1200,3092,3092,3092,1200,3030,3030,3030,1200,3038,3038,3038,1200,3,32,51,1200,-28,9,60,0,NA,NA,NA,1200,8,8,8,35374
387992,1776522515,M,7205,0,0,0,0,0,2,1,0,1,0,0,1,0,0,0,0,5,25964
387993,1776522815,M,7201,1200,7,8,9,1200,8,8,8,1200,8,9,10,1200,7,7,8,1200,-41,-25,-17,1200,0,4,2001,1200,27,74,128,1200,18,23,29,1200,25,31,47,1200,92,95,98,0,NA,NA,NA,0,NA,NA,NA,1200,101,101,101,1200,101,101,101,1200,101,101,101,1200,97,97,97,1200,100,100,100,1200,100,100,100,1200,0,0,0,1200,99373,99517,99561,1200,3379,3397,3416,1200,6329,8122,13243,1200,207,207,207,0,NA,NA,NA,0,NA,NA,NA,1200,17440,18498,20919,1200,969,1049,1252,1200,1135,2418,4333,1200,-2839,-496,1948,1200,112,257,508,1200,0,1,3,0,NA,NA,NA,0,NA,NA,NA,0,NA,NA,NA,0,NA,NA,NA,1200,3092,3092,3092,1200,3029,3030,3030,1200,3038,3038,3038,1200,4,14,32,1200,-11,10,43,0,NA,NA,NA,1200,8,8,8,32074
387994,1776522815,M,7205,0,0,0,0,0,2,1,0,1,0,0,1,0,0,0,0,5,26959
387995,1776523115,M,7201,1200,7,8,9,1200,8,8,8,1200,8,9,10,1200,7,7,8,1200,-43,-28,-15,1200,0,0,1076,1200,27,59,108,1200,15,20,32,1200,24,29,43,1200,98,99,99,0,NA,NA,NA,0,NA,NA,NA,1200,101,101,101,1200,101,101,101,1200,101,101,101,1200,97,97,97,1200,100,100,100,1200,100,100,100,1200,0,0,0,1200,99373,99517,99605,1200,3379,3397,3416,1200,6642,8590,12353,1200,207,207,207,0,NA,NA,NA,0,NA,NA,NA,1200,17585,18512,20784,1200,979,1048,1248,1200,1256,2418,4134,1200,-2544,-596,1762,1200,123,258,479,1200,0,1,3,0,NA,NA,NA,0,NA,NA,NA,0,NA,NA,NA,0,NA,NA,NA,1200,3092,3092,3092,1200,3030,3030,3030,1200,3038,3038,3039,1200,8,15,27,1200,-6,7,37,0,NA,NA,NA,1200,8,8,8,05353
387996,1776523115,M,7205,0,0,0,0,0,2,1,0,1,0,0,1,0,0,0,0,5,64676
387997,1776523415,M,7201,1200,7,8,9,1200,8,8,8,1200,8,9,10,1200,7,7,8,1200,-45,-26,-16,1200,0,21,1226,1200,21,37,80,1200,15,22,30,1200,24,29,44,1200,97,98,99,0,NA,NA,NA,0,NA,NA,NA,1200,101,101,101,1200,101,101,101,1200,101,101,101,1200,97,97,97,1200,100,100,100,1200,100,100,100,1200,0,0,0,1200,99373,99561,99605,1200,3379,3397,3416,1200,6622,8003,11363,1200,207,207,207,0,NA,NA,NA,0,NA,NA,NA,1200,17685,18501,20385,1200,986,1049,1210,1200,1377,2409,3935,1200,-2094,-387,1624,1200,138,256,452,1200,0,1,3,0,NA,NA,NA,0,NA,NA,NA,0,NA,NA,NA,0,NA,NA,NA,1200,3092,3092,3092,1200,3030,3030,3030,1200,3038,3038,3039,1200,4,13,31,1200,-1,11,34,0,NA,NA,NA,1200,8,8,8,39630
387998,1776523415,M,7205,0,0,0,0,0,2,1,0,1,0,0,1,0,0,0,0,5,37605
387999,1776523457,M,7204,1,1,1,1,0,0,1,0,0,0,0,3092,0,0,3030,0,0,3039,16205,4055,4046,4046,4057,1,65187
388000,1776523715,M,7201,1200,7,8,9,1200,8,8,8,1200,8,9,9,1200,7,8,8,1200,-50,-25,-18,1200,0,21,371,1200,14,29,74,1200,16,23,30,1200,30,34,41,1200,98,99,99,0,NA,NA,NA,0,NA,NA,NA,1200,101,101,101,1200,101,101,101,1200,101,101,101,1200,97,97,97,1200,100,100,100,1200,100,100,100,1200,0,0,0,1200,99417,99561,99605,1200,3379,3397,3416,1200,7748,8930,11498,1200,207,207,207,0,NA,NA,NA,0,NA,NA,NA,1200,18177,19074,20809,1200,1031,1100,1253,1200,1828,2818,4115,1200,-1720,-250,1317,1200,185,308,478,1200,0,1,3,0,NA,NA,NA,0,NA,NA,NA,0,NA,NA,NA,0,NA,NA,NA,1200,3092,3092,3092,1200,3030,3030,3030,1200,3039,3039,3039,1200,5,12,28,1200,-2,12,26,0,NA,NA,NA,1200,8,8,8,51547
388001,1776523715,M,7205,0,0,0,0,0,2,1,0,1,0,0,1,0,0,0,0,5,57871
388002,1776524015,M,7201,1200,7,8,9,1200,8,8,8,1200,8,9,10,1200,7,7,8,1200,-46,-26,-15,1200,0,0,560,1200,15,30,93,1200,17,23,30,1200,28,35,45,1200,98,99,100,0,NA,NA,NA,0,NA,NA,NA,1200,101,101,101,1200,101,101,101,1200,101,101,101,1200,97,97,97,1200,100,100,100,1200,100,100,100,1200,0,0,0,1200,99417,99561,99605,1200,3379,3397,3416,1200,7793,9117,12731,1200,207,207,207,0,NA,NA,NA,0,NA,NA,NA,1200,18207,19200,20973,1200,1033,1111,1262,1200,1891,2919,4300,1200,-1873,-370,1360,1200,195,321,502,1200,0,1,3,0,NA,NA,NA,0,NA,NA,NA,0,NA,NA,NA,0,NA,NA,NA,1200,3092,3092,3093,1200,3030,3030,3030,1200,3039,3039,3039,1200,3,14,27,1200,-16,9,30,0,NA,NA,NA,1200,8,8,8,06596
388003,1776524015,M,7205,0,0,0,0,0,2,1,0,1,0,0,1,0,0,0,0,5,44231
388004,1776524315,M,7201,1200,7,8,9,1200,8,8,8,1200,8,9,9,1200,7,8,8,1200,-33,-23,-15,1200,0,14,509,1200,10,28,87,1200,18,25,32,1200,30,34,43,1200,99,99,100,0,NA,NA,NA,0,NA,NA,NA,1200,101,101,101,1200,101,101,101,1200,101,101,101,1200,97,97,97,1200,100,100,100,1200,100,100,100,1200,0,0,0,1200,99417,99561,99605,1200,3379,3397,3416,1200,7872,9218,11641,1200,207,207,207,0,NA,NA,NA,0,NA,NA,NA,1200,18338,19224,21106,1200,1045,1112,1276,1200,1971,2948,4329,1200,-1680,-185,1383,1200,201,322,504,1200,0,1,3,0,NA,NA,NA,0,NA,NA,NA,0,NA,NA,NA,0,NA,NA,NA,1200,3093,3093,3093,1200,3030,3031,3031,1200,3039,3040,3040,1200,3,11,32,1200,-2,11,30,0,NA,NA,NA,1200,8,8,8,58601
388005,1776524315,M,7205,0,0,0,0,0,2,1,0,1,0,0,1,0,0,0,0,5,47538
388006,1776524384,E,6000,68,1540,3249,-1,5,04742
388007,1776524395,E,6000,65,1,0,-1,0,17438
388008,1776524401,E,6028,65,-1,64437
388009,1776524419,E,6028,68,-1,63951
388010,1776524420,E,6001,30002
388011,1776524480,E,6026,09143
388012,1776524496,E,6000,68,1540,1551,-1,5,53716
388013,1776524499,E,6028,68,-1,34402
388014,1776524504,E,6000,68,1540,1590,-1,5,51493
388015,1776524505,E,6028,68,-1,19187
388016,1776524578,E,6000,65,1,0,-1,0,33270
388017,1776524585,E,6028,65,-1,13039
388018,1776524615,M,7201,1200,6,8,9,1200,5,8,8,1200,7,8,10,1200,4,8,8,1200,-40,-23,19,1200,0,0,2001,1200,1,13,134,1200,17,27,36,1200,31,52,97,1200,97,97,99,0,NA,NA,NA,0,NA,NA,NA,1200,101,101,101,1200,101,101,101,1200,101,101,101,1200,97,97,97,1200,100,100,100,1200,100,100,100,1200,0,0,0,1200,99417,99561,99605,1200,3397,3397,3435,1200,8560,13328,32491,1200,207,207,207,0,NA,NA,NA,0,NA,NA,NA,1200,18469,21402,23816,1200,1049,1312,1454,1200,2221,4378,7235,1200,-1817,-101,1124,1200,237,513,952,1200,0,1,12,0,NA,NA,NA,0,NA,NA,NA,0,NA,NA,NA,0,NA,NA,NA,1200,3093,3093,3093,1200,3031,3031,3031,1200,3040,3041,3041,1200,0,8,27,1200,-4,7,49,0,NA,NA,NA,1200,8,8,8,64885
388019,1776524615,M,7205,0,0,0,0,0,2,1,0,1,0,0,1,0,0,0,0,5,55849
388020,1776524698,E,6000,68,1540,1553,-1,5,09815
388021,1776524700,E,6028,68,-1,61461
388022,1776524915,M,7201,1200,7,8,9,1200,8,8,8,1200,8,9,10,1200,7,7,8,1200,-36,-29,-19,1200,0,63,1069,1200,21,50,98,1200,16,20,27,1200,29,34,47,1200,98,98,100,0,NA,NA,NA,0,NA,NA,NA,1200,101,101,101,1200,101,101,101,1200,101,101,101,1200,97,97,97,1200,100,100,100,1200,100,100,100,1200,0,0,0,1200,99417,99561,99605,1200,3379,3397,3416,1200,7438,8883,14384,1200,207,207,207,0,NA,NA,NA,0,NA,NA,NA,1200,18013,18918,22155,1200,1018,1088,1355,1200,1693,2736,4974,1200,-2207,-447,2390,1200,169,297,598,1200,0,2,4,0,NA,NA,NA,0,NA,NA,NA,0,NA,NA,NA,0,NA,NA,NA,1200,3093,3093,3093,1200,3031,3031,3032,1200,3041,3042,3042,1200,3,15,37,1200,-23,16,35,0,NA,NA,NA,1200,8,8,8,01312
388023,1776524915,M,7205,0,0,0,0,0,2,1,0,1,0,0,1,0,0,0,0,5,62288
388024,1776524966,E,6022,11664,0,0,0,-1664,1200,10481
388025,1776525138,E,6000,68,1540,2685,-1,5,36175
388026,1776525140,E,6001,24423
388027,1776525175,E,6000,65,1,0,-1,0,37056
388028,1776525200,E,6026,32076
388029,1776525204,E,6001,09191
388030,1776525215,M,7201,1200,7,8,9,1200,7,8,8,1200,8,9,10,1200,7,8,8,1200,-100,-31,-18,1200,0,48,700,1200,0,37,88,1200,9,19,26,1200,29,36,114,1200,98,100,100,0,NA,NA,NA,0,NA,NA,NA,1200,101,101,101,1200,101,101,101,1200,101,101,101,1200,97,97,97,1200,100,100,100,1200,100,100,100,1200,0,0,0,1200,99417,99561,99649,1200,3397,3416,3435,1200,7354,9483,29295,1200,207,207,207,0,NA,NA,NA,0,NA,NA,NA,1200,17992,19508,31509,1200,1015,1139,2288,1200,1732,3091,10003,1200,-1587,-97,2421,1200,177,340,1491,1200,0,2,5,0,NA,NA,NA,0,NA,NA,NA,0,NA,NA,NA,0,NA,NA,NA,1200,3093,3094,3094,1200,3032,3032,3032,1200,3041,3041,3041,1200,2,6,38,1200,-1,15,33,0,NA,NA,NA,1200,8,8,8,49717
388031,1776525215,M,7205,0,0,0,0,0,2,1,0,1,0,0,1,0,0,0,0,5,64489
388032,1776525228,E,6000,58,20,20,-1,0,35785
388033,1776525228,E,6028,68,-1,27111
388034,1776525233,E,6000,68,1540,2932,-1,5,36176
388035,1776525264,E,6026,06444
388036,1776525266,E,6001,30313
388037,1776525326,E,6026,49489
388038,1776525327,E,6001,59429
388039,1776525387,E,6026,48800
388040,1776525389,E,6001,48042
388041,1776525449,E,6026,46893
388042,1776525451,E,6001,22709
388043,1776525511,E,6026,61325
388044,1776525514,E,6001,59311
388045,1776525515,M,7201,1200,8,8,8,1200,8,8,8,1200,8,8,8,1200,8,8,8,1200,-100,-39,-35,1200,0,0,0,1200,0,0,0,1200,7,12,13,1200,113,114,115,1200,48,73,99,0,NA,NA,NA,0,NA,NA,NA,1200,101,101,101,1200,101,101,101,1200,101,101,101,1200,97,97,97,1200,100,100,100,1200,100,100,100,1200,0,0,0,1200,99461,99561,99705,1200,3360,3379,3416,1200,28867,29044,29435,1200,207,207,207,0,NA,NA,NA,0,NA,NA,NA,1200,31106,31280,31564,1200,2253,2270,2297,1200,9823,9915,10046,1200,-110,0,105,1200,1443,1473,1505,1200,0,0,0,0,NA,NA,NA,0,NA,NA,NA,0,NA,NA,NA,0,NA,NA,NA,1200,3094,3094,3094,1200,3032,3032,3032,1200,3041,3041,3041,1200,1,2,3,1200,2,2,3,0,NA,NA,NA,1200,8,8,8,41743
388046,1776525515,M,7205,0,0,0,0,0,2,1,0,1,0,0,1,0,0,0,0,5,59807
388047,1776525518,E,6028,58,-1,50704
388048,1776525519,E,6028,68,-1,57573
388049,1776525532,E,6000,68,1540,2903,-1,5,63791
388050,1776525570,E,6000,58,20,20,-1,0,55844
388051,1776525570,E,6028,68,-1,09037
388052,1776525574,E,6026,03003
388053,1776525575,E,6000,68,1540,2892,-1,5,41092
388054,1776525576,E,6001,34689
388055,1776525636,E,6026,36874
388056,1776525638,E,6001,19039
388057,1776525652,E,6028,58,-1,02078
388058,1776525654,E,6028,68,-1,22140
388059,1776525665,E,6000,68,1540,2899,-1,5,17180
388060,1776525688,E,6000,58,20,20,-1,0,34988
388061,1776525688,E,6028,68,-1,29598
388062,1776525693,E,6000,68,1540,2897,-1,5,51168
388063,1776525698,E,6026,42029
388064,1776525701,E,6001,58456
388065,1776525761,E,6026,21923
388066,1776525762,E,6001,53701
388067,1776525794,E,6028,58,-1,24682
388068,1776525795,E,6028,68,-1,18079
388069,1776525797,E,6000,68,1540,3458,-1,5,18982
388070,1776525815,M,7201,1200,6,8,8,1200,7,8,8,1200,7,8,8,1200,3,8,8,1200,-100,-40,-15,1200,0,0,0,1200,0,0,0,1200,7,12,21,1200,113,113,114,1200,18,32,46,0,NA,NA,NA,0,NA,NA,NA,1200,101,101,101,1200,101,101,101,1200,101,101,101,1200,97,97,97,1200,100,100,100,1200,100,100,100,1200,0,0,0,1200,99473,99617,99760,1200,3322,3360,3360,1200,28868,28994,34578,1200,207,207,207,0,NA,NA,NA,0,NA,NA,NA,1200,30984,31186,31289,1200,2152,2263,2275,1200,9779,9877,9954,1200,-113,6,1307,1200,1430,1464,1490,1200,0,0,15,0,NA,NA,NA,0,NA,NA,NA,0,NA,NA,NA,0,NA,NA,NA,1200,3094,3094,3094,1200,3032,3032,3032,1200,3041,3042,3042,1200,1,2,19,1200,-9,2,3,0,NA,NA,NA,1200,8,8,8,22549
388071,1776525815,M,7205,0,0,0,0,0,2,1,0,1,0,0,1,0,0,0,0,5,05764
388072,1776525822,E,6026,00782
388073,1776525824,E,6028,65,-1,01830
388074,1776525826,E,6001,54716
388075,1776525827,E,6028,68,-1,07260
388076,1776525886,E,6026,56812
388077,1776526115,M,7201,1200,7,8,9,1200,6,8,8,1200,8,9,10,1200,7,7,8,1200,-30,-22,-12,1200,0,92,744,1200,30,61,111,1200,19,25,33,1200,17,23,46,1200,33,77,100,0,NA,NA,NA,0,NA,NA,NA,1200,101,101,101,1200,101,101,101,1200,101,101,101,1200,97,97,97,1200,100,100,100,1200,100,100,100,1200,0,0,0,1200,99572,99716,99760,1200,3341,3360,3360,1200,4456,6034,11935,1200,207,207,207,0,NA,NA,NA,0,NA,NA,NA,1200,16552,17808,20890,1200,887,994,1245,1200,358,1959,4262,1200,-2699,-352,2309,1200,34,202,499,1200,0,2,4,0,NA,NA,NA,0,NA,NA,NA,0,NA,NA,NA,0,NA,NA,NA,1200,3093,3093,3093,1200,3032,3032,3032,1200,3042,3042,3042,1200,5,19,36,1200,-5,19,42,0,NA,NA,NA,1200,8,8,8,54967
388078,1776526115,M,7205,0,0,0,0,0,2,1,0,1,0,0,1,0,0,0,0,5,54664
388079,1776526415,M,7201,1200,7,8,9,1200,8,8,8,1200,8,9,10,1200,7,7,8,1200,-26,-18,-15,1200,0,160,487,1200,29,41,64,1200,21,26,34,1200,22,26,33,1200,100,100,100,0,NA,NA,NA,0,NA,NA,NA,1200,101,101,101,1200,101,101,101,1200,101,101,101,1200,97,97,97,1200,100,100,100,1200,100,100,100,1200,0,0,0,1200,99473,99561,99760,1200,3360,3379,3397,1200,5585,6662,9988,1200,207,207,207,0,NA,NA,NA,0,NA,NA,NA,1200,16950,18102,20008,1200,923,1015,1187,1200,667,2205,3587,1200,-1858,-97,1503,1200,67,233,405,1200,0,2,3,0,NA,NA,NA,0,NA,NA,NA,0,NA,NA,NA,0,NA,NA,NA,1200,3093,3093,3093,1200,3032,3032,3032,1200,3041,3041,3042,1200,4,14,26,1200,2,20,36,0,NA,NA,NA,1200,8,8,8,11570
388080,1776526415,M,7205,0,0,0,0,0,2,1,0,1,0,0,1,0,0,0,0,5,00250
388081,1776526715,M,7201,1200,7,8,9,1200,8,8,8,1200,8,9,10,1200,7,7,8,1200,-24,-19,-14,1200,0,79,542,1200,28,41,101,1200,21,26,32,1200,25,29,38,1200,99,100,100,0,NA,NA,NA,0,NA,NA,NA,1200,101,101,101,1200,101,101,101,1200,101,101,101,1200,97,97,97,1200,100,100,100,1200,100,100,100,1200,0,0,0,1200,99417,99561,99705,1200,3379,3397,3416,1200,6443,7503,10595,1200,207,207,207,0,NA,NA,NA,0,NA,NA,NA,1200,17349,18505,20327,1200,961,1048,1209,1200,904,2473,3832,1200,-1970,-110,1399,1200,92,264,438,1200,0,1,3,0,NA,NA,NA,0,NA,NA,NA,0,NA,NA,NA,0,NA,NA,NA,1200,3093,3093,3094,1200,3032,3032,3032,1200,3041,3041,3042,1200,4,14,25,1200,-1,19,35,0,NA,NA,NA,1200,8,8,8,49782
388082,1776526715,M,7205,0,0,0,0,0,2,1,0,1,0,0,1,0,0,0,0,5,17489
388083,1776527015,M,7201,1200,7,8,9,1200,8,8,8,1200,8,9,10,1200,7,7,8,1200,-39,-20,-15,1200,0,37,490,1200,20,41,59,1200,16,26,35,1200,29,32,46,1200,97,98,99,0,NA,NA,NA,0,NA,NA,NA,1200,101,101,101,1200,101,101,101,1200,101,101,101,1200,97,97,97,1200,100,100,100,1200,100,100,100,1200,0,0,0,1200,99461,99561,99705,1200,3379,3397,3416,1200,7357,8438,11851,1200,207,207,207,0,NA,NA,NA,0,NA,NA,NA,1200,17695,18862,21058,1200,994,1082,1261,1200,1148,2731,4285,1200,-2286,-192,1585,1200,110,296,499,1200,0,1,3,0,NA,NA,NA,0,NA,NA,NA,0,NA,NA,NA,0,NA,NA,NA,1200,3093,3094,3094,1200,3032,3032,3032,1200,3040,3040,3041,1200,3,15,26,1200,-1,15,37,0,NA,NA,NA,1200,8,8,8,57959
388084,1776527015,M,7205,0,0,0,0,0,2,1,0,1,0,0,1,0,0,0,0,5,39218
388085,1776527058,M,7204,1,1,1,1,0,1,1,0,0,0,0,3094,0,0,3032,0,0,3040,16202,4055,4045,4045,4057,1,37479
388086,1776527315,M,7201,1200,7,8,9,1200,8,8,8,1200,8,9,10,1200,7,7,8,1200,-36,-20,-14,1200,0,12,666,1200,33,46,101,1200,17,24,34,1200,30,34,46,1200,98,99,99,0,NA,NA,NA,0,NA,NA,NA,1200,101,101,101,1200,101,101,101,1200,101,101,101,1200,97,97,97,1200,100,100,100,1200,100,100,100,1200,0,0,0,1200,99517,99561,99749,1200,3379,3397,3416,1200,7705,8794,12175,1200,207,207,207,0,NA,NA,NA,0,NA,NA,NA,1200,17931,19078,21178,1200,1018,1101,1279,1200,1386,2891,4375,1200,-2370,-205,1568,1200,140,315,516,1200,0,1,3,0,NA,NA,NA,0,NA,NA,NA,0,NA,NA,NA,0,NA,NA,NA,1200,3094,3094,3094,1200,3031,3032,3032,1200,3040,3040,3040,1200,4,14,26,1200,-3,16,38,0,NA,NA,NA,1200,8,8,8,02104
388087,1776527315,M,7205,0,0,0,0,0,2,1,0,1,0,0,1,0,0,0,0,5,16894
388088,1776527615,M,7201,1200,7,8,9,1200,8,8,8,1200,8,9,10,1200,7,7,8,1200,-25,-19,-15,1200,0,43,490,1200,26,44,67,1200,21,28,34,1200,29,34,43,1200,99,100,100,0,NA,NA,NA,0,NA,NA,NA,1200,101,101,101,1200,101,101,101,1200,101,101,101,1200,97,97,97,1200,100,100,100,1200,100,100,100,1200,0,0,0,1200,99517,99661,99849,1200,3379,3397,3416,1200,7442,8804,11751,1200,207,207,207,0,NA,NA,NA,0,NA,NA,NA,1200,17816,18970,21117,1200,1009,1093,1280,1200,1353,2827,4331,1200,-2116,-205,1591,1200,141,307,512,1200,0,1,3,0,NA,NA,NA,0,NA,NA,NA,0,NA,NA,NA,0,NA,NA,NA,1200,3094,3094,3094,1200,3031,3031,3031,1200,3039,3040,3040,1200,4,14,26,1200,1,18,35,0,NA,NA,NA,1200,8,8,8,43888
388089,1776527615,M,7205,0,0,0,0,0,2,1,0,1,0,0,1,0,0,0,0,5,12223
388090,1776527850,E,6001,20712
388091,1776527855,E,6000,68,1540,2863,-1,5,02101
388092,1776527863,E,6028,68,-1,22111
388093,1776527865,E,6014,"",2834,61834
388094,1776527866,M,7203,14705,2151,2151,2151,2151,2151,388,3,0,0,0,7,18629
388095,1776527910,E,6026,12572
388096,1776527915,M,7201,1200,0,8,9,1002,8,8,8,1002,8,9,10,1002,7,7,8,1002,-30,-18,-15,1002,0,65,457,1002,30,41,59,1002,24,28,37,1002,28,33,46,1002,100,100,100,0,NA,NA,NA,0,NA,NA,NA,1200,101,101,101,1200,101,101,101,1200,101,101,101,1200,97,97,97,1200,100,100,100,1200,100,100,100,1200,0,0,0,1200,99517,99705,99849,1200,3379,3397,3416,1200,7173,8122,10376,1200,207,207,208,0,NA,NA,NA,0,NA,NA,NA,1200,0,18623,20979,1200,27,1059,1268,1200,-35,2579,4216,1200,-2687,-338,1506,1200,-6,275,491,1200,0,1,3,0,NA,NA,NA,0,NA,NA,NA,0,NA,NA,NA,0,NA,NA,NA,1200,3094,3094,3094,1200,3031,3031,3031,1200,3039,3040,3040,1002,3,14,25,1002,1,18,35,0,NA,NA,NA,1200,8,8,8,11243
388097,1776527915,M,7205,0,0,0,0,0,2,1,0,1,0,0,1,0,0,0,0,5,07538
388098,1776528215,M,7201,1200,0,0,0,0,NA,NA,NA,0,NA,NA,NA,0,NA,NA,NA,0,NA,NA,NA,0,NA,NA,NA,0,NA,NA,NA,0,NA,NA,NA,0,NA,NA,NA,0,NA,NA,NA,0,NA,NA,NA,0,NA,NA,NA,1200,101,101,101,1200,101,101,101,1200,101,101,101,1200,97,97,97,1200,100,100,100,1200,100,100,100,1200,0,0,0,1200,99549,99649,99749,1200,3397,3435,3472,1200,7451,7451,7451,1200,208,210,210,0,NA,NA,NA,0,NA,NA,NA,1200,0,0,0,1200,22,28,28,1200,-22,26,75,1200,-2660,-2612,-2563,1200,-8,3,13,1200,0,0,0,0,NA,NA,NA,0,NA,NA,NA,0,NA,NA,NA,0,NA,NA,NA,1200,3094,3094,3095,1200,3031,3031,3031,1200,3040,3040,3040,0,NA,NA,NA,0,NA,NA,NA,0,NA,NA,NA,1200,8,8,8,40386
388099,1776528215,M,7205,0,0,0,0,0,2,1,0,1,0,0,1,0,0,0,0,5,06020
388100,1776528515,M,7201,1200,0,0,0,0,NA,NA,NA,0,NA,NA,NA,0,NA,NA,NA,0,NA,NA,NA,0,NA,NA,NA,0,NA,NA,NA,0,NA,NA,NA,0,NA,NA,NA,0,NA,NA,NA,0,NA,NA,NA,0,NA,NA,NA,1200,101,101,101,1200,101,101,101,1200,101,101,101,1200,97,97,97,1200,100,100,100,1200,100,100,100,1200,0,0,0,1200,99549,99682,99826,1200,3472,3491,3528,1200,7451,7451,7451,1200,210,210,210,0,NA,NA,NA,0,NA,NA,NA,1200,0,0,0,1200,20,28,28,1200,-36,4,44,1200,-2674,-2634,-2594,1200,-11,0,10,1200,0,0,0,0,NA,NA,NA,0,NA,NA,NA,0,NA,NA,NA,0,NA,NA,NA,1200,3095,3095,3096,1200,3031,3032,3032,1200,3040,3040,3041,0,NA,NA,NA,0,NA,NA,NA,0,NA,NA,NA,1200,8,8,8,02278
388101,1776528515,M,7205,0,0,0,0,0,2,1,0,1,0,0,1,0,0,0,0,5,58856
388102,1776528566,E,6022,11665,0,0,0,-1665,1200,03629
388103,1776528636,E,6015,770,2834,11828
388104,1776528636,M,7203,2,2151,2151,2151,2151,2151,388,3,0,0,0,7,43760
388105,1776528722,E,6001,34434
388106,1776528727,E,6000,68,1540,2209,-1,5,16758
388107,1776528737,E,6028,68,-1,46714
388108,1776528745,M,7203,3,2151,2151,2151,2151,2151,388,3,0,0,0,7,02449
388109,1776528745,E,6006,22,0,9003,2176,2177,42837
388110,1776528750,S,5001,0,2002,2027,2027,2027,2027,2026,2026,2026,2026,2026,2177,2201,NA,NA,NA,NA,NA,NA,2026,2025,2025,2025,06191
388111,1776528782,E,6026,59022
388112,1776528815,M,7201,1200,0,8,13,708,6,8,10,709,8,9,15,708,6,7,8,697,-23,-17,-11,681,0,180,505,681,20,50,118,681,18,26,38,708,23,31,108,716,96,98,98,0,NA,NA,NA,0,NA,NA,NA,1200,101,101,101,1200,101,101,101,1200,101,101,101,1200,97,97,97,1200,100,100,100,1200,100,100,100,1200,0,0,0,1200,99581,99669,99870,1200,3509,3547,3565,1200,6708,7451,10722,1200,208,208,210,0,NA,NA,NA,0,NA,NA,NA,1200,0,17642,24386,1200,20,960,1709,1200,-33,1628,4762,1200,-2682,-1311,1641,1200,-7,147,473,1200,0,1,9,0,NA,NA,NA,0,NA,NA,NA,0,NA,NA,NA,0,NA,NA,NA,1200,3096,3097,3097,1200,3032,3033,3033,1200,3041,3041,3041,710,4,18,29,708,0,22,36,0,NA,NA,NA,1200,8,8,8,36412
388113,1776528815,M,7205,0,0,0,0,0,2,1,0,1,0,0,1,0,0,0,0,5,40224
388114,1776528874,M,7203,1,2151,2151,2151,2151,2151,388,3,0,0,0,7,52462
388115,1776528874,E,6006,22,0,9003,2177,2175,03637
388116,1776528875,S,5001,0,2002,2027,2027,2027,2027,2026,2026,2026,2026,2026,2175,2201,NA,NA,NA,NA,NA,NA,2026,2025,2025,2025,18488
388117,1776529115,M,7201,1200,7,8,25,1200,10,12,13,1200,14,25,26,1200,7,7,8,1200,-24,-23,-17,1200,121,544,694,1200,43,82,108,1200,16,16,21,1200,29,32,41,1200,96,98,100,0,NA,NA,NA,0,NA,NA,NA,1200,101,101,101,1200,101,101,101,1200,101,101,101,1200,97,97,97,1200,100,100,100,1200,100,100,100,1200,0,0,0,1200,99581,99726,99914,1200,3509,3528,3547,1200,5869,7089,8290,1200,208,208,208,0,NA,NA,NA,0,NA,NA,NA,1200,16198,17739,34760,1200,845,971,3444,1200,-451,1940,7675,1200,-3114,-417,3482,1200,-49,184,1041,1200,8,35,36,0,NA,NA,NA,0,NA,NA,NA,0,NA,NA,NA,0,NA,NA,NA,1200,3098,3098,3098,1200,3033,3033,3033,1200,3041,3042,3042,1200,17,34,42,1200,18,40,43,0,NA,NA,NA,1200,8,8,8,22041
388118,1776529115,M,7205,0,0,0,0,0,2,1,0,1,0,0,1,0,0,0,0,5,14096
388119,1776529406,M,7203,2,2151,2151,2151,2151,2151,388,3,0,0,0,7,42582
388120,1776529406,E,6006,22,0,9003,2175,2176,14351
388121,1776529407,E,6001,14666
388122,1776529410,S,5001,0,2002,2027,2027,2027,2027,2026,2026,2026,2026,2026,2176,2201,NA,NA,NA,NA,NA,NA,2026,2025,2025,2025,62289
388123,1776529415,M,7201,1200,7,8,25,1200,12,13,13,1200,25,25,26,1200,7,7,7,1200,-23,-23,-20,1200,484,618,694,1200,95,100,111,1200,16,16,18,1200,30,31,34,1200,100,100,100,0,NA,NA,NA,0,NA,NA,NA,1200,101,101,101,1200,101,101,101,1200,101,101,101,1200,97,97,97,1200,100,100,100,1200,100,100,100,1200,0,0,0,1200,99581,99726,99914,1200,3509,3528,3547,1200,5811,6021,6749,1200,208,208,208,0,NA,NA,NA,0,NA,NA,NA,1200,15969,17251,34152,1200,821,928,3372,1200,-698,1582,7237,1200,-3088,-434,3455,1200,-73,159,965,1200,34,34,35,0,NA,NA,NA,0,NA,NA,NA,0,NA,NA,NA,0,NA,NA,NA,1200,3099,3099,3099,1200,3033,3034,3034,1200,3042,3042,3042,1200,36,38,41,1200,35,37,41,0,NA,NA,NA,1200,8,8,8,01105
388124,1776529415,E,6000,68,1540,3125,-1,5,01437
388125,1776529415,M,7205,0,0,0,0,0,2,1,0,1,0,0,1,0,0,0,0,5,33414
388126,1776529418,E,6028,68,-1,61051
388127,1776529467,E,6026,00168
388128,1776529569,E,6000,68,1540,2591,-1,5,59084
388129,1776529573,E,6001,56495
388130,1776529578,E,6000,65,1,0,-1,0,37577
388131,1776529633,E,6026,38616
388132,1776529635,E,6001,25970
388133,1776529694,E,6014,"",2834,39898
388134,1776529694,M,7203,14705,2151,2151,2151,2151,2151,388,3,0,0,0,7,07356
388135,1776529694,E,6028,68,-1,37673
388136,1776529694,E,6028,65,-1,22225
388137,1776529695,E,6026,58683
388138,1776529715,M,7201,1200,0,7,9,1117,5,8,8,1117,7,8,9,1117,4,7,8,1117,-21,-17,42,1117,0,0,250,1117,0,31,122,1117,18,26,42,1117,31,34,97,1117,98,98,100,0,NA,NA,NA,0,NA,NA,NA,1200,101,101,101,1200,101,101,101,1200,101,101,101,1200,97,97,97,1200,100,100,100,1200,100,100,100,1200,0,0,0,1200,99637,99782,99870,1200,3491,3509,3528,1200,7982,14812,32512,1200,206,208,208,0,NA,NA,NA,0,NA,NA,NA,1200,0,20212,31038,1200,24,1176,2185,1200,-45,3802,9939,1200,-9594,444,1194,1200,0,433,1482,1200,0,4,13,0,NA,NA,NA,0,NA,NA,NA,0,NA,NA,NA,0,NA,NA,NA,1200,3100,3100,3100,1200,3034,3034,3034,1200,3041,3042,3042,1117,3,13,16,1117,0,2,24,0,NA,NA,NA,1200,8,8,8,11618
388139,1776529715,M,7205,0,0,0,0,0,2,1,0,1,0,0,1,0,0,0,0,5,14741
388140,1776530015,M,7201,1200,0,0,0,0,NA,NA,NA,0,NA,NA,NA,0,NA,NA,NA,0,NA,NA,NA,0,NA,NA,NA,0,NA,NA,NA,0,NA,NA,NA,0,NA,NA,NA,0,NA,NA,NA,0,NA,NA,NA,0,NA,NA,NA,1200,101,101,101,1200,101,101,101,1200,101,101,101,1200,97,97,97,1200,100,100,100,1200,100,100,100,1200,0,0,0,1200,99682,99782,99870,1200,3491,3509,3547,1200,32219,32219,32219,1200,208,208,210,0,NA,NA,NA,0,NA,NA,NA,1200,0,0,0,1200,22,28,28,1200,-48,42,99,1200,-9597,-9507,-9450,1200,-9,3,14,1200,13,13,13,0,NA,NA,NA,0,NA,NA,NA,0,NA,NA,NA,0,NA,NA,NA,1200,3100,3101,3101,1200,3034,3034,3034,1200,3042,3042,3043,0,NA,NA,NA,0,NA,NA,NA,0,NA,NA,NA,1200,8,8,8,36303
388141,1776530015,M,7205,0,0,0,0,0,2,1,0,1,0,0,1,0,0,0,0,5,08063
388142,1776530315,M,7201,1200,0,0,0,0,NA,NA,NA,0,NA,NA,NA,0,NA,NA,NA,0,NA,NA,NA,0,NA,NA,NA,0,NA,NA,NA,0,NA,NA,NA,0,NA,NA,NA,0,NA,NA,NA,0,NA,NA,NA,0,NA,NA,NA,1200,101,101,101,1200,101,101,101,1200,101,101,101,1200,97,97,97,1200,100,100,100,1200,100,100,100,1200,0,0,0,1200,99625,99770,99914,1200,3528,3547,3565,1200,32219,32219,32219,1200,210,210,210,0,NA,NA,NA,0,NA,NA,NA,1200,0,0,0,1200,20,28,28,1200,-40,7,51,1200,-9589,-9542,-9498,1200,-9,0,11,1200,13,13,13,0,NA,NA,NA,0,NA,NA,NA,0,NA,NA,NA,0,NA,NA,NA,1200,3101,3101,3102,1200,3035,3035,3035,1200,3043,3043,3043,0,NA,NA,NA,0,NA,NA,NA,0,NA,NA,NA,1200,8,8,8,11070
388143,1776530315,M,7205,0,0,0,0,0,2,1,0,1,0,0,1,0,0,0,0,5,23508
388144,1776530615,M,7201,1200,0,0,0,0,NA,NA,NA,0,NA,NA,NA,0,NA,NA,NA,0,NA,NA,NA,0,NA,NA,NA,0,NA,NA,NA,0,NA,NA,NA,0,NA,NA,NA,0,NA,NA,NA,0,NA,NA,NA,0,NA,NA,NA,1200,101,101,101,1200,101,101,101,1200,101,101,101,1200,97,97,97,1200,100,100,100,1200,100,100,100,1200,0,0,0,1200,99613,99713,99858,1200,3565,3584,3603,1200,32219,32219,32219,1200,210,210,210,0,NA,NA,NA,0,NA,NA,NA,1200,0,0,0,1200,20,21,28,1200,-44,-3,36,1200,-9593,-9552,-9513,1200,-10,0,10,1200,13,13,13,0,NA,NA,NA,0,NA,NA,NA,0,NA,NA,NA,0,NA,NA,NA,1200,3102,3103,3103,1200,3035,3035,3036,1200,3043,3044,3045,0,NA,NA,NA,0,NA,NA,NA,0,NA,NA,NA,1200,8,8,8,58149
388145,1776530615,M,7205,0,0,0,0,0,2,1,0,1,0,0,1,0,0,0,0,5,38441
388146,1776530659,M,7204,1,1,1,1,0,1,1,0,0,0,0,3103,0,0,3035,0,0,3045,16199,4054,4045,4045,4056,1,65415
388147,1776530915,M,7201,1200,0,0,0,0,NA,NA,NA,0,NA,NA,NA,0,NA,NA,NA,0,NA,NA,NA,0,NA,NA,NA,0,NA,NA,NA,0,NA,NA,NA,0,NA,NA,NA,0,NA,NA,NA,0,NA,NA,NA,0,NA,NA,NA,1200,101,101,101,1200,101,101,101,1200,101,101,101,1200,97,97,97,1200,100,100,100,1200,100,100,100,1200,0,0,0,1200,99613,99757,99846,1200,3584,3621,3640,1200,32219,32219,32219,1200,210,210,210,0,NA,NA,NA,0,NA,NA,NA,1200,0,0,0,1200,20,20,28,1200,-36,0,36,1200,-9585,-9549,-9513,1200,-9,0,10,1200,13,13,13,0,NA,NA,NA,0,NA,NA,NA,0,NA,NA,NA,0,NA,NA,NA,1200,3103,3104,3105,1200,3035,3036,3036,1200,3045,3045,3046,0,NA,NA,NA,0,NA,NA,NA,0,NA,NA,NA,1200,8,8,8,65120
388148,1776530915,M,7205,0,0,0,0,0,2,1,0,1,0,0,1,0,0,0,0,5,13657
388149,1776531215,M,7201,1200,0,0,0,0,NA,NA,NA,0,NA,NA,NA,0,NA,NA,NA,0,NA,NA,NA,0,NA,NA,NA,0,NA,NA,NA,0,NA,NA,NA,0,NA,NA,NA,0,NA,NA,NA,0,NA,NA,NA,0,NA,NA,NA,1200,101,101,101,1200,101,101,101,1200,101,101,101,1200,97,97,97,1200,100,100,100,1200,100,100,100,1200,0,0,0,1200,99657,99801,99890,1200,3621,3640,3659,1200,32219,32219,32219,1200,210,210,210,0,NA,NA,NA,0,NA,NA,NA,1200,0,0,0,1200,20,20,24,1200,-36,-1,39,1200,-9585,-9550,-9510,1200,-10,0,9,1200,13,13,13,0,NA,NA,NA,0,NA,NA,NA,0,NA,NA,NA,0,NA,NA,NA,1200,3105,3105,3106,1200,3036,3036,3037,1200,3046,3046,3047,0,NA,NA,NA,0,NA,NA,NA,0,NA,NA,NA,1200,8,8,8,54544
388150,1776531215,M,7205,0,0,0,0,0,2,1,0,1,0,0,1,0,0,0,0,5,46771
388151,1776531515,M,7201,1200,0,0,0,0,NA,NA,NA,0,NA,NA,NA,0,NA,NA,NA,0,NA,NA,NA,0,NA,NA,NA,0,NA,NA,NA,0,NA,NA,NA,0,NA,NA,NA,0,NA,NA,NA,0,NA,NA,NA,0,NA,NA,NA,1200,101,101,101,1200,101,101,101,1200,101,101,101,1200,97,97,97,1200,100,100,100,1200,100,100,100,1200,0,0,0,1200,99745,99789,99934,1200,3640,3659,3678,1200,32219,32219,32219,1200,210,210,210,0,NA,NA,NA,0,NA,NA,NA,1200,0,0,0,1200,20,20,29,1200,-32,1,37,1200,-9581,-9548,-9512,1200,-10,0,10,1200,13,13,13,0,NA,NA,NA,0,NA,NA,NA,0,NA,NA,NA,0,NA,NA,NA,1200,3106,3107,3108,1200,3037,3037,3037,1200,3047,3047,3048,0,NA,NA,NA,0,NA,NA,NA,0,NA,NA,NA,1200,8,8,8,51185
388152,1776531515,M,7205,0,0,0,0,0,2,1,0,1,0,0,1,0,0,0,0,5,37623
388153,1776531815,M,7201,1200,0,0,0,0,NA,NA,NA,0,NA,NA,NA,0,NA,NA,NA,0,NA,NA,NA,0,NA,NA,NA,0,NA,NA,NA,0,NA,NA,NA,0,NA,NA,NA,0,NA,NA,NA,0,NA,NA,NA,0,NA,NA,NA,1200,101,101,101,1200,101,101,101,1200,101,101,101,1200,97,97,97,1200,100,100,100,1200,100,100,100,1200,0,0,0,1200,99644,99789,99978,1200,3659,3678,3696,1200,32219,32219,32219,1200,210,210,212,0,NA,NA,NA,0,NA,NA,NA,1200,0,0,0,1200,20,20,22,1200,-33,4,39,1200,-9582,-9545,-9510,1200,-9,0,9,1200,13,13,13,0,NA,NA,NA,0,NA,NA,NA,0,NA,NA,NA,0,NA,NA,NA,1200,3108,3109,3109,1200,3038,3038,3038,1200,3048,3048,3048,0,NA,NA,NA,0,NA,NA,NA,0,NA,NA,NA,1200,8,8,8,38138
388154,1776531815,M,7205,0,0,0,0,0,2,1,0,1,0,0,1,0,0,0,0,5,40660
388155,1776532115,M,7201,1200,0,0,0,0,NA,NA,NA,0,NA,NA,NA,0,NA,NA,NA,0,NA,NA,NA,0,NA,NA,NA,0,NA,NA,NA,0,NA,NA,NA,0,NA,NA,NA,0,NA,NA,NA,0,NA,NA,NA,0,NA,NA,NA,1200,101,101,101,1200,101,101,101,1200,101,101,101,1200,97,97,97,1200,100,100,100,1200,100,100,100,1200,0,0,0,1200,99688,99833,99978,1200,3678,3696,3715,1200,32219,32219,32219,1200,212,212,212,0,NA,NA,NA,0,NA,NA,NA,1200,0,0,0,1200,20,20,27,1200,-43,-2,33,1200,-9592,-9551,-9516,1200,-10,0,9,1200,13,13,13,0,NA,NA,NA,0,NA,NA,NA,0,NA,NA,NA,0,NA,NA,NA,1200,3109,3110,3110,1200,3038,3038,3039,1200,3048,3049,3049,0,NA,NA,NA,0,NA,NA,NA,0,NA,NA,NA,1200,8,8,8,44070
388156,1776532115,M,7205,0,0,0,0,0,2,1,0,1,0,0,1,0,0,0,0,5,19180
388157,1776532166,E,6022,11666,0,0,0,-1666,1200,33383
388158,1776532415,M,7201,1200,0,0,0,0,NA,NA,NA,0,NA,NA,NA,0,NA,NA,NA,0,NA,NA,NA,0,NA,NA,NA,0,NA,NA,NA,0,NA,NA,NA,0,NA,NA,NA,0,NA,NA,NA,0,NA,NA,NA,0,NA,NA,NA,1200,101,101,101,1200,101,101,101,1200,101,101,101,1200,97,97,97,1200,100,100,100,1200,100,100,100,1200,0,0,0,1200,99688,99732,99921,1200,3696,3715,3734,1200,32219,32219,32219,1200,212,212,212,0,NA,NA,NA,0,NA,NA,NA,1200,0,0,0,1200,20,20,29,1200,-34,-1,34,1200,-9583,-9550,-9515,1200,-9,0,10,1200,13,13,13,0,NA,NA,NA,0,NA,NA,NA,0,NA,NA,NA,0,NA,NA,NA,1200,3111,3111,3112,1200,3039,3039,3039,1200,3049,3049,3050,0,NA,NA,NA,0,NA,NA,NA,0,NA,NA,NA,1200,8,8,8,53914
388159,1776532415,M,7205,0,0,0,0,0,2,1,0,1,0,0,1,0,0,0,0,5,47306
388160,1776532715,M,7201,1200,0,0,0,0,NA,NA,NA,0,NA,NA,NA,0,NA,NA,NA,0,NA,NA,NA,0,NA,NA,NA,0,NA,NA,NA,0,NA,NA,NA,0,NA,NA,NA,0,NA,NA,NA,0,NA,NA,NA,0,NA,NA,NA,1200,101,101,101,1200,101,101,101,1200,101,101,101,1200,97,97,97,1200,100,100,100,1200,100,100,100,1200,0,0,0,1200,99631,99776,99877,1200,3715,3734,3734,1200,32219,32219,32219,1200,212,212,212,0,NA,NA,NA,0,NA,NA,NA,1200,0,0,0,1200,20,20,22,1200,-38,-3,31,1200,-9587,-9552,-9518,1200,-10,0,9,1200,13,13,13,0,NA,NA,NA,0,NA,NA,NA,0,NA,NA,NA,0,NA,NA,NA,1200,3112,3112,3113,1200,3039,3040,3040,1200,3050,3050,3050,0,NA,NA,NA,0,NA,NA,NA,0,NA,NA,NA,1200,8,8,8,19462
388161,1776532715,M,7205,0,0,0,0,0,2,1,0,1,0,0,1,0,0,0,0,5,06253
388162,1776533015,M,7201,1200,0,0,0,0,NA,NA,NA,0,NA,NA,NA,0,NA,NA,NA,0,NA,NA,NA,0,NA,NA,NA,0,NA,NA,NA,0,NA,NA,NA,0,NA,NA,NA,0,NA,NA,NA,0,NA,NA,NA,0,NA,NA,NA,1200,101,101,101,1200,101,101,101,1200,101,101,101,1200,97,97,97,1200,100,100,100,1200,100,100,100,1200,0,0,0,1200,99631,99776,99776,1200,3715,3734,3734,1200,32219,32219,32219,1200,212,212,212,0,NA,NA,NA,0,NA,NA,NA,1200,0,0,0,1200,20,20,22,1200,-38,4,47,1200,-9587,-9545,-9502,1200,-9,0,10,1200,13,13,13,0,NA,NA,NA,0,NA,NA,NA,0,NA,NA,NA,0,NA,NA,NA,1200,3113,3113,3114,1200,3040,3040,3040,1200,3050,3051,3051,0,NA,NA,NA,0,NA,NA,NA,0,NA,NA,NA,1200,8,8,8,54156
388163,1776533015,M,7205,0,0,0,0,0,2,1,0,1,0,0,1,0,0,0,0,5,38096
388164,1776533315,M,7201,1200,0,0,0,0,NA,NA,NA,0,NA,NA,NA,0,NA,NA,NA,0,NA,NA,NA,0,NA,NA,NA,0,NA,NA,NA,0,NA,NA,NA,0,NA,NA,NA,0,NA,NA,NA,0,NA,NA,NA,0,NA,NA,NA,1200,101,101,101,1200,101,101,101,1200,101,101,101,1200,97,97,97,1200,100,100,100,1200,100,100,100,1200,0,0,0,1200,99631,99776,99820,1200,3734,3734,3752,1200,32219,32219,32219,1200,212,212,212,0,NA,NA,NA,0,NA,NA,NA,1200,0,0,0,1200,20,20,26,1200,-31,4,41,1200,-9580,-9545,-9508,1200,-8,0,10,1200,13,13,13,0,NA,NA,NA,0,NA,NA,NA,0,NA,NA,NA,0,NA,NA,NA,1200,3114,3115,3115,1200,3040,3041,3041,1200,3051,3051,3051,0,NA,NA,NA,0,NA,NA,NA,0,NA,NA,NA,1200,8,8,8,55142
388165,1776533315,M,7205,0,0,0,0,0,2,1,0,1,0,0,1,0,0,0,0,5,33189
388166,1776533615,M,7201,1200,0,0,0,0,NA,NA,NA,0,NA,NA,NA,0,NA,NA,NA,0,NA,NA,NA,0,NA,NA,NA,0,NA,NA,NA,0,NA,NA,NA,0,NA,NA,NA,0,NA,NA,NA,0,NA,NA,NA,0,NA,NA,NA,1200,101,101,101,1200,101,101,101,1200,101,101,101,1200,97,97,97,1200,100,100,100,1200,100,100,100,1200,0,0,0,1200,99631,99776,99820,1200,3734,3734,3752,1200,32219,32219,32219,1200,212,212,212,0,NA,NA,NA,0,NA,NA,NA,1200,0,0,0,1200,20,20,20,1200,-44,-2,36,1200,-9593,-9551,-9513,1200,-9,0,9,1200,13,13,13,0,NA,NA,NA,0,NA,NA,NA,0,NA,NA,NA,0,NA,NA,NA,1200,3115,3115,3116,1200,3041,3041,3042,1200,3051,3051,3051,0,NA,NA,NA,0,NA,NA,NA,0,NA,NA,NA,1200,8,8,8,43348
388167,1776533615,M,7205,0,0,0,0,0,2,1,0,1,0,0,1,0,0,0,0,5,07558
388168,1776533915,M,7201,1200,0,0,0,0,NA,NA,NA,0,NA,NA,NA,0,NA,NA,NA,0,NA,NA,NA,0,NA,NA,NA,0,NA,NA,NA,0,NA,NA,NA,0,NA,NA,NA,0,NA,NA,NA,0,NA,NA,NA,0,NA,NA,NA,1200,101,101,101,1200,101,101,101,1200,101,101,101,1200,97,97,97,1200,100,100,100,1200,100,100,100,1200,0,0,0,1200,99631,99776,99820,1200,3734,3734,3752,1200,32219,32219,32219,1200,212,212,212,0,NA,NA,NA,0,NA,NA,NA,1200,0,0,0,1200,20,20,20,1200,-33,1,36,1200,-9582,-9548,-9513,1200,-9,0,10,1200,13,13,13,0,NA,NA,NA,0,NA,NA,NA,0,NA,NA,NA,0,NA,NA,NA,1200,3116,3116,3116,1200,3042,3042,3042,1200,3051,3051,3052,0,NA,NA,NA,0,NA,NA,NA,0,NA,NA,NA,1200,8,8,8,18975
388169,1776533915,M,7205,0,0,0,0,0,2,1,0,1,0,0,1,0,0,0,0,5,02686
388170,1776534215,M,7201,1200,0,0,0,0,NA,NA,NA,0,NA,NA,NA,0,NA,NA,NA,0,NA,NA,NA,0,NA,NA,NA,0,NA,NA,NA,0,NA,NA,NA,0,NA,NA,NA,0,NA,NA,NA,0,NA,NA,NA,0,NA,NA,NA,1200,101,101,101,1200,101,101,101,1200,101,101,101,1200,97,97,97,1200,100,100,100,1200,100,100,100,1200,0,0,0,1200,99631,99776,99864,1200,3734,3734,3752,1200,32219,32219,32219,1200,212,212,212,0,NA,NA,NA,0,NA,NA,NA,1200,0,0,0,1200,20,20,20,1200,-30,2,35,1200,-9579,-9547,-9514,1200,-9,0,10,1200,13,13,13,0,NA,NA,NA,0,NA,NA,NA,0,NA,NA,NA,0,NA,NA,NA,1200,3116,3117,3117,1200,3042,3042,3042,1200,3052,3052,3052,0,NA,NA,NA,0,NA,NA,NA,0,NA,NA,NA,1200,8,8,8,32911
388171,1776534215,M,7205,0,0,0,0,0,2,1,0,1,0,0,1,0,0,0,0,5,19425
388172,1776534260,M,7204,1,1,1,1,0,1,1,0,0,0,0,3117,0,0,3042,0,0,3052,16196,4053,4044,4044,4055,1,61418
388173,1776534515,M,7201,1200,0,0,0,0,NA,NA,NA,0,NA,NA,NA,0,NA,NA,NA,0,NA,NA,NA,0,NA,NA,NA,0,NA,NA,NA,0,NA,NA,NA,0,NA,NA,NA,0,NA,NA,NA,0,NA,NA,NA,0,NA,NA,NA,1200,101,101,101,1200,101,101,101,1200,101,101,101,1200,97,97,97,1200,100,100,100,1200,100,100,100,1200,0,0,0,1200,99631,99776,99864,1200,3734,3752,3771,1200,32219,32219,32219,1200,212,212,212,0,NA,NA,NA,0,NA,NA,NA,1200,0,0,0,1200,20,20,20,1200,-40,-6,33,1200,-9589,-9555,-9516,1200,-10,0,9,1200,13,13,13,0,NA,NA,NA,0,NA,NA,NA,0,NA,NA,NA,0,NA,NA,NA,1200,3117,3117,3117,1200,3042,3042,3042,1200,3052,3052,3053,0,NA,NA,NA,0,NA,NA,NA,0,NA,NA,NA,1200,8,8,8,50147
388174,1776534515,M,7205,0,0,0,0,0,2,1,0,1,0,0,1,0,0,0,0,5,35571
388175,1776534815,M,7201,1200,0,0,0,0,NA,NA,NA,0,NA,NA,NA,0,NA,NA,NA,0,NA,NA,NA,0,NA,NA,NA,0,NA,NA,NA,0,NA,NA,NA,0,NA,NA,NA,0,NA,NA,NA,0,NA,NA,NA,0,NA,NA,NA,1200,101,101,101,1200,101,101,101,1200,101,101,101,1200,97,97,97,1200,100,100,100,1200,100,100,100,1200,0,0,0,1200,99631,99820,99864,1200,3734,3752,3771,1200,32219,32219,32219,1200,212,212,212,0,NA,NA,NA,0,NA,NA,NA,1200,0,0,0,1200,20,20,20,1200,-42,0,39,1200,-9591,-9549,-9510,1200,-10,0,10,1200,13,13,13,0,NA,NA,NA,0,NA,NA,NA,0,NA,NA,NA,0,NA,NA,NA,1200,3117,3117,3118,1200,3042,3042,3042,1200,3053,3053,3053,0,NA,NA,NA,0,NA,NA,NA,0,NA,NA,NA,1200,8,8,8,47450
388176,1776534815,M,7205,0,0,0,0,0,2,1,0,1,0,0,1,0,0,0,0,5,55054
388177,1776535115,M,7201,1200,0,0,0,0,NA,NA,NA,0,NA,NA,NA,0,NA,NA,NA,0,NA,NA,NA,0,NA,NA,NA,0,NA,NA,NA,0,NA,NA,NA,0,NA,NA,NA,0,NA,NA,NA,0,NA,NA,NA,0,NA,NA,NA,1200,101,101,101,1200,101,101,101,1200,101,101,101,1200,96,96,97,1200,100,100,100,1200,100,100,100,1200,0,0,0,1200,99675,99820,99864,1200,3734,3752,3790,1200,32219,32219,32219,1200,212,212,212,0,NA,NA,NA,0,NA,NA,NA,1200,0,0,0,1200,20,20,20,1200,-38,0,37,1200,-9587,-9549,-9512,1200,-10,0,9,1200,13,13,13,0,NA,NA,NA,0,NA,NA,NA,0,NA,NA,NA,0,NA,NA,NA,1200,3118,3118,3118,1200,3042,3042,3042,1200,3053,3053,3053,0,NA,NA,NA,0,NA,NA,NA,0,NA,NA,NA,1200,8,8,8,25587
388178,1776535115,M,7205,0,0,0,0,0,2,1,0,1,0,0,1,0,0,0,0,5,45191
388179,1776535415,M,7201,1200,0,0,0,0,NA,NA,NA,0,NA,NA,NA,0,NA,NA,NA,0,NA,NA,NA,0,NA,NA,NA,0,NA,NA,NA,0,NA,NA,NA,0,NA,NA,NA,0,NA,NA,NA,0,NA,NA,NA,0,NA,NA,NA,1200,101,101,101,1200,101,101,101,1200,101,101,101,1200,96,96,96,1200,100,100,100,1200,100,100,100,1200,0,0,0,1200,99675,99820,99907,1200,3734,3752,3790,1200,32219,32219,32219,1200,212,212,212,0,NA,NA,NA,0,NA,NA,NA,1200,0,0,0,1200,20,20,20,1200,-35,-1,34,1200,-9584,-9550,-9515,1200,-10,0,9,1200,13,13,13,0,NA,NA,NA,0,NA,NA,NA,0,NA,NA,NA,0,NA,NA,NA,1200,3118,3118,3118,1200,3042,3042,3042,1200,3053,3053,3053,0,NA,NA,NA,0,NA,NA,NA,0,NA,NA,NA,1200,8,8,8,12275
388180,1776535415,M,7205,0,0,0,0,0,2,1,0,1,0,0,1,0,0,0,0,5,26101
388181,1776535715,M,7201,1200,0,0,0,0,NA,NA,NA,0,NA,NA,NA,0,NA,NA,NA,0,NA,NA,NA,0,NA,NA,NA,0,NA,NA,NA,0,NA,NA,NA,0,NA,NA,NA,0,NA,NA,NA,0,NA,NA,NA,0,NA,NA,NA,1200,101,101,101,1200,101,101,101,1200,101,101,101,1200,96,96,96,1200,100,100,100,1200,100,100,100,1200,0,0,0,1200,99675,99820,99907,1200,3734,3752,3790,1200,32219,32219,32219,1200,212,212,212,0,NA,NA,NA,0,NA,NA,NA,1200,0,0,0,1200,20,20,20,1200,-35,4,39,1200,-9584,-9545,-9510,1200,-9,0,9,1200,13,13,13,0,NA,NA,NA,0,NA,NA,NA,0,NA,NA,NA,0,NA,NA,NA,1200,3118,3118,3118,1200,3042,3042,3042,1200,3053,3053,3053,0,NA,NA,NA,0,NA,NA,NA,0,NA,NA,NA,1200,8,8,8,62234
388182,1776535715,M,7205,0,0,0,0,0,2,1,0,1,0,0,1,0,0,0,0,5,08542
388183,1776535766,E,6022,11667,0,0,0,-1667,1200,21592
388184,1776536015,M,7201,1200,0,0,0,0,NA,NA,NA,0,NA,NA,NA,0,NA,NA,NA,0,NA,NA,NA,0,NA,NA,NA,0,NA,NA,NA,0,NA,NA,NA,0,NA,NA,NA,0,NA,NA,NA,0,NA,NA,NA,0,NA,NA,NA,1200,101,101,101,1200,101,101,101,1200,101,101,101,1200,96,96,96,1200,100,100,100,1200,100,100,100,1200,0,0,0,1200,99675,99820,99907,1200,3734,3752,3790,1200,32219,32219,32219,1200,212,212,212,0,NA,NA,NA,0,NA,NA,NA,1200,0,0,0,1200,20,20,20,1200,-37,-1,38,1200,-9586,-9550,-9511,1200,-10,0,10,1200,13,13,13,0,NA,NA,NA,0,NA,NA,NA,0,NA,NA,NA,0,NA,NA,NA,1200,3118,3118,3118,1200,3042,3042,3042,1200,3053,3053,3053,0,NA,NA,NA,0,NA,NA,NA,0,NA,NA,NA,1200,8,8,8,65187
388185,1776536015,M,7205,0,0,0,0,0,2,1,0,1,0,0,1,0,0,0,0,5,08585
388186,1776536315,M,7201,1200,0,0,0,0,NA,NA,NA,0,NA,NA,NA,0,NA,NA,NA,0,NA,NA,NA,0,NA,NA,NA,0,NA,NA,NA,0,NA,NA,NA,0,NA,NA,NA,0,NA,NA,NA,0,NA,NA,NA,0,NA,NA,NA,1200,101,101,101,1200,101,101,101,1200,101,101,101,1200,96,96,96,1200,100,100,100,1200,100,100,100,1200,0,0,0,1200,99675,99864,99907,1200,3734,3771,3790,1200,32219,32219,32219,1200,212,212,212,0,NA,NA,NA,0,NA,NA,NA,1200,0,0,0,1200,20,20,20,1200,-33,-1,34,1200,-9582,-9550,-9515,1200,-10,0,9,1200,13,13,13,0,NA,NA,NA,0,NA,NA,NA,0,NA,NA,NA,0,NA,NA,NA,1200,3118,3118,3119,1200,3042,3042,3042,1200,3053,3053,3053,0,NA,NA,NA,0,NA,NA,NA,0,NA,NA,NA,1200,8,8,8,47124
388187,1776536315,M,7205,0,0,0,0,0,2,1,0,1,0,0,1,0,0,0,0,5,25890
388188,1776536615,M,7201,1200,0,0,0,0,NA,NA,NA,0,NA,NA,NA,0,NA,NA,NA,0,NA,NA,NA,0,NA,NA,NA,0,NA,NA,NA,0,NA,NA,NA,0,NA,NA,NA,0,NA,NA,NA,0,NA,NA,NA,0,NA,NA,NA,1200,101,101,101,1200,101,101,101,1200,101,101,101,1200,96,96,97,1200,100,100,100,1200,100,100,100,1200,0,0,0,1200,99718,99864,99965,1200,3734,3771,3790,1200,32219,32219,32219,1200,212,212,212,0,NA,NA,NA,0,NA,NA,NA,1200,0,0,0,1200,20,20,20,1200,-34,4,37,1200,-9583,-9545,-9512,1200,-9,0,10,1200,13,13,13,0,NA,NA,NA,0,NA,NA,NA,0,NA,NA,NA,0,NA,NA,NA,1200,3119,3119,3119,1200,3042,3042,3042,1200,3053,3053,3053,0,NA,NA,NA,0,NA,NA,NA,0,NA,NA,NA,1200,8,8,8,61285
388189,1776536615,M,7205,0,0,0,0,0,2,1,0,1,0,0,1,0,0,0,0,5,02915
388190,1776536915,M,7201,1200,0,0,0,0,NA,NA,NA,0,NA,NA,NA,0,NA,NA,NA,0,NA,NA,NA,0,NA,NA,NA,0,NA,NA,NA,0,NA,NA,NA,0,NA,NA,NA,0,NA,NA,NA,0,NA,NA,NA,0,NA,NA,NA,1200,101,101,101,1200,101,101,101,1200,101,101,101,1200,97,97,97,1200,100,100,100,1200,100,100,100,1200,0,0,0,1200,99718,99864,100009,1200,3734,3771,3790,1200,32219,32219,32219,1200,212,212,212,0,NA,NA,NA,0,NA,NA,NA,1200,0,0,0,1200,20,20,20,1200,-38,-1,38,1200,-9587,-9550,-9511,1200,-9,0,9,1200,13,13,13,0,NA,NA,NA,0,NA,NA,NA,0,NA,NA,NA,0,NA,NA,NA,1200,3119,3119,3119,1200,3042,3042,3042,1200,3053,3053,3053,0,NA,NA,NA,0,NA,NA,NA,0,NA,NA,NA,1200,8,8,8,12592
388191,1776536915,M,7205,0,0,0,0,0,2,1,0,1,0,0,1,0,0,0,0,5,16543
388192,1776537215,M,7201,1200,0,0,0,0,NA,NA,NA,0,NA,NA,NA,0,NA,NA,NA,0,NA,NA,NA,0,NA,NA,NA,0,NA,NA,NA,0,NA,NA,NA,0,NA,NA,NA,0,NA,NA,NA,0,NA,NA,NA,0,NA,NA,NA,1200,101,101,101,1200,101,101,101,1200,101,101,101,1200,97,97,97,1200,100,100,100,1200,100,100,100,1200,0,0,0,1200,99718,99864,100009,1200,3734,3771,3790,1200,32219,32219,32219,1200,212,212,212,0,NA,NA,NA,0,NA,NA,NA,1200,0,0,0,1200,20,20,20,1200,-40,0,35,1200,-9589,-9549,-9514,1200,-10,0,9,1200,13,13,13,0,NA,NA,NA,0,NA,NA,NA,0,NA,NA,NA,0,NA,NA,NA,1200,3119,3119,3119,1200,3042,3042,3042,1200,3053,3053,3053,0,NA,NA,NA,0,NA,NA,NA,0,NA,NA,NA,1200,8,8,8,23293
388193,1776537215,M,7205,0,0,0,0,0,2,1,0,1,0,0,1,0,0,0,0,5,27923
388194,1776537515,M,7201,1200,0,0,0,0,NA,NA,NA,0,NA,NA,NA,0,NA,NA,NA,0,NA,NA,NA,0,NA,NA,NA,0,NA,NA,NA,0,NA,NA,NA,0,NA,NA,NA,0,NA,NA,NA,0,NA,NA,NA,0,NA,NA,NA,1200,101,101,101,1200,101,101,101,1200,101,101,101,1200,97,97,97,1200,100,100,100,1200,100,100,100,1200,0,0,0,1200,99776,99820,100009,1200,3734,3752,3790,1200,32219,32219,32219,1200,212,212,212,0,NA,NA,NA,0,NA,NA,NA,1200,0,0,0,1200,20,20,20,1200,-38,2,36,1200,-9587,-9547,-9513,1200,-9,0,9,1200,13,13,13,0,NA,NA,NA,0,NA,NA,NA,0,NA,NA,NA,0,NA,NA,NA,1200,3119,3119,3119,1200,3042,3042,3042,1200,3053,3053,3053,0,NA,NA,NA,0,NA,NA,NA,0,NA,NA,NA,1200,8,8,8,10950
388195,1776537515,M,7205,0,0,0,0,0,2,1,0,1,0,0,1,0,0,0,0,5,06281
388196,1776537815,M,7201,1200,0,0,0,0,NA,NA,NA,0,NA,NA,NA,0,NA,NA,NA,0,NA,NA,NA,0,NA,NA,NA,0,NA,NA,NA,0,NA,NA,NA,0,NA,NA,NA,0,NA,NA,NA,0,NA,NA,NA,0,NA,NA,NA,1200,101,101,101,1200,101,101,101,1200,101,101,101,1200,97,97,97,1200,100,100,100,1200,100,100,100,1200,0,0,0,1200,99776,99820,100009,1200,3734,3752,3790,1200,32219,32219,32219,1200,212,212,212,0,NA,NA,NA,0,NA,NA,NA,1200,0,0,0,1200,20,20,20,1200,-38,-5,32,1200,-9587,-9554,-9517,1200,-10,0,10,1200,13,13,13,0,NA,NA,NA,0,NA,NA,NA,0,NA,NA,NA,0,NA,NA,NA,1200,3119,3119,3119,1200,3042,3042,3042,1200,3053,3053,3053,0,NA,NA,NA,0,NA,NA,NA,0,NA,NA,NA,1200,8,8,8,25630
388197,1776537815,M,7205,0,0,0,0,0,2,1,0,1,0,0,1,0,0,0,0,5,17780
388198,1776537861,M,7204,1,1,1,1,0,1,1,0,0,0,0,3118,0,0,3042,0,0,3053,16194,4053,4043,4043,4055,1,19370
388199,1776538115,M,7201,1200,0,0,0,0,NA,NA,NA,0,NA,NA,NA,0,NA,NA,NA,0,NA,NA,NA,0,NA,NA,NA,0,NA,NA,NA,0,NA,NA,NA,0,NA,NA,NA,0,NA,NA,NA,0,NA,NA,NA,0,NA,NA,NA,1200,101,101,101,1200,101,101,101,1200,101,101,101,1200,97,97,97,1200,100,100,100,1200,100,100,100,1200,0,0,0,1200,99776,99864,100009,1200,3734,3752,3771,1200,32219,32219,32219,1200,212,212,212,0,NA,NA,NA,0,NA,NA,NA,1200,0,0,0,1200,20,20,20,1200,-34,3,39,1200,-9583,-9546,-9510,1200,-9,0,10,1200,13,13,13,0,NA,NA,NA,0,NA,NA,NA,0,NA,NA,NA,0,NA,NA,NA,1200,3118,3118,3118,1200,3042,3042,3042,1200,3053,3053,3053,0,NA,NA,NA,0,NA,NA,NA,0,NA,NA,NA,1200,8,8,8,42513
388200,1776538115,M,7205,0,0,0,0,0,2,1,0,1,0,0,1,0,0,0,0,5,05835
388201,1776538415,M,7201,1200,0,0,0,0,NA,NA,NA,0,NA,NA,NA,0,NA,NA,NA,0,NA,NA,NA,0,NA,NA,NA,0,NA,NA,NA,0,NA,NA,NA,0,NA,NA,NA,0,NA,NA,NA,0,NA,NA,NA,0,NA,NA,NA,1200,101,101,101,1200,101,101,101,1200,101,101,101,1200,97,97,97,1200,100,100,100,1200,100,100,100,1200,0,0,0,1200,99776,99864,100053,1200,3734,3752,3771,1200,32219,32219,32219,1200,212,212,212,0,NA,NA,NA,0,NA,NA,NA,1200,0,0,0,1200,20,20,20,1200,-42,-6,29,1200,-9591,-9555,-9520,1200,-10,0,9,1200,13,13,13,0,NA,NA,NA,0,NA,NA,NA,0,NA,NA,NA,0,NA,NA,NA,1200,3118,3118,3118,1200,3042,3042,3042,1200,3053,3053,3053,0,NA,NA,NA,0,NA,NA,NA,0,NA,NA,NA,1200,8,8,8,31601
388202,1776538415,M,7205,0,0,0,0,0,2,1,0,1,0,0,1,0,0,0,0,5,35560
388203,1776538715,M,7201,1200,0,0,0,0,NA,NA,NA,0,NA,NA,NA,0,NA,NA,NA,0,NA,NA,NA,0,NA,NA,NA,0,NA,NA,NA,0,NA,NA,NA,0,NA,NA,NA,0,NA,NA,NA,0,NA,NA,NA,0,NA,NA,NA,1200,101,101,101,1200,101,101,101,1200,101,101,101,1200,97,97,97,1200,100,100,100,1200,100,100,100,1200,0,0,0,1200,99776,99921,100110,1200,3734,3752,3771,1200,32219,32219,32219,1200,210,212,212,0,NA,NA,NA,0,NA,NA,NA,1200,0,0,0,1200,20,20,20,1200,-41,-4,35,1200,-9590,-9553,-9514,1200,-10,0,10,1200,13,13,13,0,NA,NA,NA,0,NA,NA,NA,0,NA,NA,NA,0,NA,NA,NA,1200,3118,3118,3118,1200,3042,3042,3042,1200,3053,3053,3053,0,NA,NA,NA,0,NA,NA,NA,0,NA,NA,NA,1200,8,8,8,01770
388204,1776538715,M,7205,0,0,0,0,0,2,1,0,1,0,0,1,0,0,0,0,5,40861
388205,1776539015,M,7201,1200,0,0,0,0,NA,NA,NA,0,NA,NA,NA,0,NA,NA,NA,0,NA,NA,NA,0,NA,NA,NA,0,NA,NA,NA,0,NA,NA,NA,0,NA,NA,NA,0,NA,NA,NA,0,NA,NA,NA,0,NA,NA,NA,1200,101,101,101,1200,101,101,101,1200,101,101,101,1200,97,97,97,1200,100,100,100,1200,100,100,100,1200,0,0,0,1200,99776,99921,100110,1200,3734,3752,3771,1200,32219,32219,32219,1200,210,210,212,0,NA,NA,NA,0,NA,NA,NA,1200,0,0,0,1200,20,20,20,1200,-35,1,38,1200,-9584,-9548,-9511,1200,-10,0,10,1200,13,13,13,0,NA,NA,NA,0,NA,NA,NA,0,NA,NA,NA,0,NA,NA,NA,1200,3118,3118,3118,1200,3041,3042,3042,1200,3052,3053,3053,0,NA,NA,NA,0,NA,NA,NA,0,NA,NA,NA,1200,8,8,8,49656
388206,1776539015,M,7205,0,0,0,0,0,2,1,0,1,0,0,1,0,0,0,0,5,04896
388207,1776539315,M,7201,1200,0,0,0,0,NA,NA,NA,0,NA,NA,NA,0,NA,NA,NA,0,NA,NA,NA,0,NA,NA,NA,0,NA,NA,NA,0,NA,NA,NA,0,NA,NA,NA,0,NA,NA,NA,0,NA,NA,NA,0,NA,NA,NA,1200,101,101,101,1200,101,101,101,1200,101,101,101,1200,97,97,97,1200,100,100,100,1200,100,100,100,1200,0,0,0,1200,99776,99921,100066,1200,3734,3752,3771,1200,32219,32219,32219,1200,210,210,210,0,NA,NA,NA,0,NA,NA,NA,1200,0,0,0,1200,20,20,20,1200,-33,2,39,1200,-9582,-9547,-9510,1200,-9,0,10,1200,13,13,13,0,NA,NA,NA,0,NA,NA,NA,0,NA,NA,NA,0,NA,NA,NA,1200,3118,3118,3118,1200,3041,3041,3041,1200,3052,3053,3053,0,NA,NA,NA,0,NA,NA,NA,0,NA,NA,NA,1200,8,8,8,40189
388208,1776539315,M,7205,0,0,0,0,0,2,1,0,1,0,0,1,0,0,0,0,5,42473
388209,1776539366,E,6022,11668,0,0,0,-1668,1200,25401
388210,1776539615,M,7201,1200,0,0,0,0,NA,NA,NA,0,NA,NA,NA,0,NA,NA,NA,0,NA,NA,NA,0,NA,NA,NA,0,NA,NA,NA,0,NA,NA,NA,0,NA,NA,NA,0,NA,NA,NA,0,NA,NA,NA,0,NA,NA,NA,1200,101,101,101,1200,101,101,101,1200,101,101,101,1200,97,97,97,1200,100,100,100,1200,100,100,100,1200,0,0,0,1200,99776,99820,100009,1200,3734,3734,3771,1200,32219,32219,32219,1200,210,210,210,0,NA,NA,NA,0,NA,NA,NA,1200,0,0,0,1200,20,20,20,1200,-37,3,40,1200,-9586,-9546,-9509,1200,-10,0,9,1200,13,13,13,0,NA,NA,NA,0,NA,NA,NA,0,NA,NA,NA,0,NA,NA,NA,1200,3118,3118,3118,1200,3041,3041,3041,1200,3052,3052,3052,0,NA,NA,NA,0,NA,NA,NA,0,NA,NA,NA,1200,8,8,8,28891
388211,1776539615,M,7205,0,0,0,0,0,2,1,0,1,0,0,1,0,0,0,0,5,03019
388212,1776539915,M,7201,1200,0,0,0,0,NA,NA,NA,0,NA,NA,NA,0,NA,NA,NA,0,NA,NA,NA,0,NA,NA,NA,0,NA,NA,NA,0,NA,NA,NA,0,NA,NA,NA,0,NA,NA,NA,0,NA,NA,NA,0,NA,NA,NA,1200,101,101,101,1200,101,101,101,1200,101,101,101,1200,97,97,97,1200,100,100,100,1200,100,100,100,1200,0,0,0,1200,99776,99921,100066,1200,3734,3734,3752,1200,32219,32219,32219,1200,210,210,210,0,NA,NA,NA,0,NA,NA,NA,1200,0,0,0,1200,20,20,20,1200,-44,-7,32,1200,-9593,-9556,-9517,1200,-11,0,10,1200,13,13,13,0,NA,NA,NA,0,NA,NA,NA,0,NA,NA,NA,0,NA,NA,NA,1200,3117,3118,3118,1200,3041,3041,3041,1200,3052,3052,3052,0,NA,NA,NA,0,NA,NA,NA,0,NA,NA,NA,1200,8,8,8,02874
388213,1776539915,M,7205,0,0,0,0,0,2,1,0,1,0,0,1,0,0,0,0,5,61009
388214,1776540215,M,7201,1200,0,0,0,0,NA,NA,NA,0,NA,NA,NA,0,NA,NA,NA,0,NA,NA,NA,0,NA,NA,NA,0,NA,NA,NA,0,NA,NA,NA,0,NA,NA,NA,0,NA,NA,NA,0,NA,NA,NA,0,NA,NA,NA,1200,101,101,101,1200,101,101,101,1200,101,101,101,1200,97,97,97,1200,100,100,100,1200,100,100,100,1200,0,0,0,1200,99776,99921,100066,1200,3734,3734,3752,1200,32219,32219,32219,1200,210,210,210,0,NA,NA,NA,0,NA,NA,NA,1200,0,0,0,1200,20,20,20,1200,-40,-5,33,1200,-9589,-9554,-9516,1200,-9,0,10,1200,13,13,13,0,NA,NA,NA,0,NA,NA,NA,0,NA,NA,NA,0,NA,NA,NA,1200,3117,3117,3117,1200,3040,3041,3041,1200,3051,3052,3052,0,NA,NA,NA,0,NA,NA,NA,0,NA,NA,NA,1200,8,8,8,49589
388215,1776540215,M,7205,0,0,0,0,0,2,1,0,1,0,0,1,0,0,0,0,5,50306
388216,1776540238,M,7204,1,1,1,1,0,1,1,0,0,0,0,3117,0,0,3040,0,0,3052,16191,4052,4042,4042,4054,1,01517
388217,1776540238,E,6003,12085,31122
